"trial.type","pas","trial","jitter.x","jitter.y","odd.digit","target.contrast","target.frames","cue","task","target.type","rt.subj","rt.obj","even.digit","seed","obj.resp","subject"
"staircase",4,0,-0.210154060527,-0.102606997794,9,1,3,0,"quadruplet","even",18.0832723382,2.39467239354,4,55987,"e","021"
"staircase",4,1,-0.488493021318,-0.285516798446,7,1,3,0,"quadruplet","odd",1.57144577864,0.916599341013,6,55987,"o","021"
"staircase",4,2,0.299861501919,0.238054857862,3,0.9,3,0,"quadruplet","even",1.55416010947,1.13503490155,8,55987,"e","021"
"staircase",4,3,0.0754995108833,0.275807838775,9,0.9,3,0,"quadruplet","odd",1.49030664568,0.852877277737,2,55987,"o","021"
"staircase",4,4,0.0668889995724,0.385433831521,9,0.8,3,0,"quadruplet","odd",1.56281338082,0.74755873928,6,55987,"o","021"
"staircase",4,5,0.432422370951,-0.23328321919,7,0.8,3,0,"quadruplet","odd",1.51121267276,0.80277569898,8,55987,"o","021"
"staircase",4,6,-0.11895939762,0.33129609341,3,0.5,3,0,"quadruplet","even",1.74208371787,0.78980674201,2,55987,"e","021"
"staircase",4,7,0.434151400599,0.323872088895,5,0.5,3,0,"quadruplet","even",1.45389946423,1.28361295294,4,55987,"e","021"
"staircase",4,8,0.175053498932,0.0239824769142,9,0.3,3,0,"quadruplet","odd",1.2512124606,1.1831469944,6,55987,"o","021"
"staircase",4,9,0.0913056836694,0.247620628579,7,0.3,3,0,"quadruplet","odd",1.38914262191,0.467627738239,4,55987,"o","021"
"staircase",4,10,-0.461024174359,0.200091959786,7,0.2,3,0,"quadruplet","even",1.48317645686,0.865603280634,6,55987,"e","021"
"staircase",4,11,0.0201774739269,0.0328779973339,3,0.2,3,0,"quadruplet","even",1.57437012445,0.837157122507,6,55987,"e","021"
"staircase",2,12,0.074580616251,0.338499596532,9,0.05,3,14,"pairs","odd",1.35777177579,2.60885728433,8,55987,"e","021"
"staircase",3,13,0.0703898156512,0.0415447060508,3,0.05,3,14,"pairs","even",2.02578392896,1.93438255275,8,55987,"e","021"
"staircase",1,14,0.0570881223086,-0.471571458353,9,0.01,3,14,"pairs","odd",1.09617764802,1.86224401281,8,55987,"o","021"
"staircase",1,15,0.311623391357,0.15594129872,9,0.01,3,14,"pairs","even",1.51507838006,1.99459341636,8,55987,"o","021"
"staircase",4,16,0.376137035965,-0.135871817417,3,0.1,3,14,"pairs","even",1.44206725858,1.1231749786,2,55987,"e","021"
"staircase",4,17,-0.312764098132,-0.211574994523,3,0.1,3,14,"pairs","even",1.45885538518,1.30420861474,2,55987,"e","021"
"staircase",2,18,0.480790969496,0.197912734441,3,0.0812652874134,3,14,"pairs","odd",1.39414781805,2.48752807232,2,55987,"o","021"
"staircase",1,19,-0.462537600094,0.316765539815,9,0.0723251756426,3,14,"pairs","odd",1.10133682914,1.67920925634,8,55987,"o","021"
"staircase",4,20,0.177120641541,-0.298958245852,3,0.0657844371845,3,14,"pairs","even",1.57300376442,1.76494501196,8,55987,"e","021"
"staircase",3,21,0.447905594213,-0.0253178148608,9,0.0608072447149,3,14,"pairs","odd",1.19608104811,0.764358158107,2,55987,"e","021"
"staircase",4,22,0.482927044253,-0.179571061015,3,0.0750936889772,3,14,"pairs","even",1.02248385981,0.915880744451,2,55987,"e","021"
"staircase",4,23,-0.36292381177,-0.434087847089,9,0.0701463209747,3,14,"pairs","odd",1.29208349545,0.9840765846,8,55987,"o","021"
"staircase",2,24,-0.225214659455,0.0073932849748,5,0.0664371517472,3,5,"singles","even",1.0161013536,1.85038443205,4,55987,"o","021"
"staircase",4,25,-0.366679288037,0.035164688459,5,0.0770299023776,3,5,"singles","odd",1.2957822146,1.14437870997,4,55987,"o","021"
"staircase",2,26,0.280475723367,0.39155522125,5,0.0730060679132,3,5,"singles","even",1.20039296966,1.30971169564,4,55987,"e","021"
"staircase",3,27,-0.140442418032,-0.295373075521,5,0.0699547261529,3,5,"singles","odd",1.56226964275,0.829327841886,4,55987,"o","021"
"staircase",4,28,0.190630499376,0.30072900148,5,0.0675107242513,3,5,"singles","even",1.29158321536,1.30493918791,4,55987,"e","021"
"staircase",4,29,0.481305775089,-0.42649352876,5,0.0655073097668,3,5,"singles","odd",1.22008251542,0.764375609739,4,55987,"o","021"
"staircase",4,30,-0.403331361664,0.35730084477,5,0.0638045804277,3,5,"singles","even",1.24259990973,0.911992452682,4,55987,"e","021"
"staircase",2,31,-0.460978518329,-0.0907256781255,5,0.0623359602895,3,5,"singles","odd",0.970823268704,1.87671073032,4,55987,"e","021"
"staircase",3,32,-0.370576062927,0.0225587893241,5,0.0664449116158,3,5,"singles","odd",1.27017280194,1.02143231351,4,55987,"o","021"
"staircase",2,33,-0.13727223714,-0.250058584851,5,0.0649231039101,3,5,"singles","even",1.1390771783,1.75127559444,4,55987,"o","021"
"staircase",4,34,-0.162294156991,0.395643258555,5,0.0692279078495,3,5,"singles","odd",1.41303082471,1.00843735018,4,55987,"o","021"
"staircase",1,35,0.186307386846,0.268210478299,5,0.0676050286116,3,5,"singles","even",0.956382557541,0.784476124287,4,55987,"e","021"
"staircase",2,36,0.303016949006,0.481608893001,9,0.0662223551495,3,22,"pairs","odd",1.00342496808,1.95950947914,4,55987,"o","021"
"staircase",4,37,0.356901184141,0.357959552063,5,0.0650177480198,3,22,"pairs","odd",1.14787143144,1.04639019862,4,55987,"o","021"
"staircase",4,38,0.22023823355,-0.316213464892,5,0.0639437310152,3,22,"pairs","even",1.24876273071,0.839657496348,4,55987,"e","021"
"staircase",1,39,0.0955163114687,-0.222642203836,9,0.0629621906111,3,22,"pairs","even",1.27570291576,0.88153046011,6,55987,"e","021"
"staircase",2,40,0.020204533407,0.377814441366,9,0.0620909120703,3,22,"pairs","odd",1.12212616982,1.71131238659,4,55987,"o","021"
"staircase",4,41,-0.284247270992,-0.312497939113,5,0.0612833740904,3,22,"pairs","odd",1.55024307384,0.621572337181,6,55987,"o","021"
"staircase",1,42,-0.0421896899189,0.211719906588,9,0.0605355732724,3,22,"pairs","even",1.11963400851,0.685653014358,4,55987,"e","021"
"staircase",2,43,-0.360202948721,-0.302379324351,9,0.0598445082676,3,22,"pairs","even",3.21733405467,0.663719394202,4,55987,"e","021"
"staircase",1,44,-0.161517059168,-0.407675019707,9,0.0591944173342,3,22,"pairs","odd",1.81941086717,1.09302608882,4,55987,"o","021"
"staircase",1,45,-0.348438130755,-0.147608422277,9,0.0585842905503,3,22,"pairs","even",1.38993923753,2.2951782513,6,55987,"o","021"
"staircase",3,46,-0.0117142301273,-0.379370748618,9,0.0603985377099,3,22,"pairs","even",1.65356494043,1.35018168516,4,55987,"e","021"
"staircase",2,47,0.120760251216,-0.156522480447,9,0.0597884264815,3,22,"pairs","odd",1.33675077326,0.580778979203,4,55987,"e","021"
"staircase",2,48,0.396447228362,0.232732175115,3,0.0616350523441,3,4,"singles","odd",1.22117957283,1.14183693128,4,55987,"o","021"
"staircase",2,49,0.17467770566,-0.11693773161,3,0.0610188466986,3,4,"singles","even",1.1806791285,0.972856554781,4,55987,"e","021"
"staircase",2,50,-0.421054798159,0.0686033907321,3,0.0604174811417,3,4,"singles","even",0.929539211933,1.6283593106,4,55987,"e","021"
"staircase",2,51,0.0310115830532,0.414058542379,3,0.0598673335457,3,4,"singles","odd",1.02200650638,1.12713444565,4,55987,"o","021"
"staircase",1,52,0.163984361919,-0.352350607466,3,0.0593449449587,3,4,"singles","even",1.53451367951,1.61362363266,4,55987,"o","021"
"staircase",2,53,-0.402388766698,-0.458235191778,3,0.0608330634327,3,4,"singles","odd",1.67438028746,2.06435477044,4,55987,"o","021"
"staircase",1,54,0.44199319074,0.00661351467898,3,0.0602867863244,3,4,"singles","odd",1.35475435461,2.15893371221,4,55987,"e","021"
"staircase",1,55,-0.462839081859,-0.443644547751,3,0.0618450457817,3,4,"singles","even",2.00725098148,1.21445453559,4,55987,"o","021"
"staircase",3,56,0.0684652637265,0.395036308036,3,0.0635218436796,3,4,"singles","even",1.38911250929,0.832149873235,4,55987,"e","021"
"staircase",1,57,-0.0153315381211,0.401287073098,3,0.0629174851696,3,4,"singles","even",1.40285207553,1.02989327472,4,55987,"o","021"
"staircase",1,58,-0.0156281135731,-0.375903371116,3,0.0646723218788,3,4,"singles","odd",1.69075881401,0.833678430778,4,55987,"e","021"
"staircase",2,59,-0.138742109234,0.235337190021,3,0.0666085361198,3,4,"singles","odd",1.82083163522,0.788617293607,4,55987,"e","021"
"staircase",3,60,0.124594252235,0.47696477935,5,0.0687364784407,3,0,"quadruplet","odd",1.33016158499,1.33492895989,4,55987,"o","021"
"staircase",2,61,0.138539808411,0.495895251697,9,0.0679333642598,3,0,"quadruplet","odd",0.988426146923,0.772726728335,6,55987,"e","021"
"staircase",4,62,0.366088864193,-0.0397124770704,5,0.0702037307545,3,0,"quadruplet","even",1.45340055291,0.612775346526,6,55987,"e","021"
"staircase",3,63,0.372165049138,0.27131897858,7,0.0693429127852,3,0,"quadruplet","even",1.78901628579,1.35335548664,2,55987,"e","021"
"staircase",4,64,0.146240893266,0.298735331993,3,0.0685882128653,3,0,"quadruplet","even",1.40050226478,0.662908064467,8,55987,"e","021"
"staircase",2,65,0.0421896910223,0.393392223521,7,0.0678793355039,3,0,"quadruplet","even",0.951296262649,1.46141256237,2,55987,"o","021"
"staircase",4,66,0.0593091139704,0.391899582102,5,0.069883025932,3,0,"quadruplet","odd",2.26328898908,1.16748158939,8,55987,"o","021"
"staircase",3,67,-0.497015193745,0.0505612170976,9,0.0691296473769,3,0,"quadruplet","odd",1.10839652706,0.925538340036,4,55987,"e","021"
"staircase",4,68,0.422454688566,-0.19135741299,3,0.0712859698777,3,0,"quadruplet","even",1.21459277988,0.719806540119,4,55987,"e","021"
"staircase",4,69,0.168965584398,-0.254642442679,5,0.0704971357925,3,0,"quadruplet","odd",1.15843993371,0.645317505046,6,55987,"o","021"
"staircase",2,70,-0.0806238074848,0.0170231483246,9,0.0697903025086,3,0,"quadruplet","odd",1.54963911054,1.53831231781,8,55987,"e","021"
"staircase",4,71,-0.100046370653,0.127891368699,7,0.0717866708359,3,0,"quadruplet","even",1.09504260764,0.543805475229,6,55987,"e","021"
"staircase",2,72,0.0498844011714,-0.381970577742,7,0.0710210875581,3,17,"pairs","odd",0.996063801793,1.63095755045,2,55987,"o","021"
"staircase",1,73,-0.480628032071,0.013169752164,9,0.0703390854091,3,17,"pairs","even",0.997023299295,0.843877026913,2,55987,"e","021"
"staircase",4,74,-0.061980145811,-0.185448121545,9,0.069706231373,3,17,"pairs","even",0.86979235639,2.14206346029,8,55987,"e","021"
"staircase",2,75,-0.266685370662,-0.0212990624011,9,0.0691018087934,3,17,"pairs","odd",0.614349072994,1.56261285816,2,55987,"e","021"
"staircase",4,76,-0.477674847407,0.134526893058,9,0.0708172628393,3,17,"pairs","even",1.21351967569,0.526795268077,2,55987,"e","021"
"staircase",4,77,0.41024784743,0.133152819612,7,0.0702187478092,3,17,"pairs","odd",1.08069736717,0.545552007057,2,55987,"o","021"
"staircase",3,78,0.418112498334,0.205724907361,7,0.0696426545985,3,17,"pairs","even",1.08347594053,1.38716134854,8,55987,"e","021"
"staircase",4,79,0.162303279862,-0.453743116602,9,0.0690916353519,3,17,"pairs","odd",1.43672808614,0.620156017578,2,55987,"o","021"
"staircase",4,80,0.277744249076,0.453745248114,9,0.0686030057004,3,17,"pairs","even",1.48272887386,0.476933221506,8,55987,"e","021"
"staircase",4,81,-0.261712355672,0.201145863463,7,0.0681268728578,3,17,"pairs","even",1.15614384661,0.50182164228,2,55987,"e","021"
"staircase",3,82,0.375802357654,-0.444646715545,9,0.0676595355075,3,17,"pairs","odd",0.926244959986,0.531296762245,2,55987,"o","021"
"staircase",4,83,0.273213168167,0.276430318012,9,0.0672430827196,3,17,"pairs","odd",1.33163607669,0.501415121942,8,55987,"o","021"
"staircase",1,84,0.373990390705,-0.281204264222,3,0.0668426527897,3,0,"quadruplet","even",2.09072110481,1.19820159234,2,55987,"e","021"
"staircase",3,85,0.324003689438,-0.0235307457474,7,0.0664479437628,3,0,"quadruplet","odd",1.09079022695,1.00624836819,6,55987,"o","021"
"staircase",3,86,-0.0120692302536,0.199855067739,9,0.066058188237,3,0,"quadruplet","even",1.04507106064,0.514606159466,8,55987,"e","021"
"staircase",4,87,-0.166558883889,0.405850283386,5,0.0657150061577,3,0,"quadruplet","odd",1.1810989942,1.05938071348,8,55987,"o","021"
"staircase",4,88,-0.177117462595,0.30799375952,7,0.0653791389056,3,0,"quadruplet","even",1.35732350841,0.420783112842,4,55987,"e","021"
"staircase",4,89,0.346241662177,0.121839419151,9,0.065047202915,3,0,"quadruplet","even",1.29932181594,0.47755053017,2,55987,"e","021"
"staircase",2,90,-0.367180966661,0.411252287006,9,0.0647180383543,3,0,"quadruplet","odd",1.52472913187,1.14141261712,4,55987,"e","021"
"staircase",1,91,0.30694468462,-0.358248749991,7,0.0656451864499,3,0,"quadruplet","odd",0.866449171441,1.1353613497,2,55987,"o","021"
"staircase",2,92,0.330107157651,0.360527078647,7,0.065327010901,3,0,"quadruplet","odd",0.993314656665,0.534385358698,6,55987,"e","021"
"staircase",1,93,-0.0277988977297,-0.154918389921,9,0.0663059906586,3,0,"quadruplet","even",2.23765630758,0.636546520744,8,55987,"e","021"
"staircase",3,94,-0.0852424278573,-0.292677175971,9,0.0659659931731,3,0,"quadruplet","odd",1.04531504129,0.542084265369,2,55987,"o","021"
"staircase",4,95,0.345375102052,0.269754423376,7,0.0656588366121,3,0,"quadruplet","even",1.68789572,0.521175842972,8,55987,"e","021"
"staircase",4,96,-0.0776099071908,0.385588279514,3,0.0653572268759,3,12,"singles","even",1.84326621984,1.85345249717,8,55987,"e","021"
"staircase",2,97,0.269281583446,0.418371331694,3,0.0650584570248,3,12,"singles","even",0.939369955066,1.1715615069,8,55987,"e","021"
"staircase",2,98,0.0688865734149,0.302828553319,3,0.0647618234533,3,12,"singles","odd",0.860280533254,2.74847272567,8,55987,"e","021"
"staircase",4,99,-0.138225971145,-0.0593801852863,3,0.0655967256405,3,12,"singles","odd",1.03840556426,0.586551020528,8,55987,"o","021"
"staircase",3,100,-0.00241038498101,-0.0654974053363,3,0.0653094235678,3,12,"singles","even",1.25015270177,1.19381165174,8,55987,"e","021"
"staircase",4,101,-0.175305532667,-0.397645924435,3,0.0650262952513,3,12,"singles","odd",1.04382959954,0.442795436433,8,55987,"o","021"
"staircase",3,102,0.0548485536713,-0.191233479978,3,0.0647423715698,3,12,"singles","even",1.29912163547,0.583249924804,8,55987,"e","021"
"staircase",4,103,-0.237052791022,-0.355189386514,3,0.0644694268712,3,12,"singles","odd",1.1060590351,0.464538799595,8,55987,"o","021"
"staircase",4,104,0.323212116423,-0.211845203495,3,0.0642216618923,3,12,"singles","even",1.1581459935,0.468576627885,8,55987,"e","021"
"staircase",2,105,0.305290401553,0.157453531295,3,0.0639779488822,3,12,"singles","odd",0.805055018833,2.40011285388,8,55987,"o","021"
"staircase",2,106,-0.495625971086,0.324475053704,3,0.0637364809187,3,12,"singles","even",1.00519990159,0.597068194471,8,55987,"e","021"
"staircase",1,107,-0.0360276780789,0.108211478694,3,0.0634971945404,3,12,"singles","odd",1.46926271651,1.24397140259,8,55987,"e","021"
"staircase",2,108,-0.389240707887,-0.00464645854704,7,0.0641677154856,3,7,"pairs","even",0.675931087273,1.12497626065,2,55987,"o","021"
"staircase",1,109,0.0874236627088,-0.418914031356,7,0.0649086014267,3,7,"pairs","odd",2.00449259726,0.729537364114,2,55987,"e","021"
"staircase",1,110,0.214573382898,0.409336773345,7,0.065643747586,3,7,"pairs","odd",1.00483820798,1.37292629287,2,55987,"e","021"
"staircase",4,111,-0.322922004281,-0.14888842935,7,0.0664548708155,3,7,"pairs","even",1.16608237922,0.554600848696,2,55987,"e","021"
"staircase",4,112,0.244884389511,-0.174346133455,3,0.0661662944583,3,7,"pairs","even",1.04029923729,0.545083550538,2,55987,"e","021"
"staircase",1,113,0.166244700994,-0.0141456138203,7,0.0659005755759,3,7,"pairs","odd",1.24350157732,1.10113151583,2,55987,"o","021"
"staircase",1,114,-0.262746813552,-0.29927995846,7,0.0656518257887,3,7,"pairs","odd",2.50233800524,0.82160977264,2,55987,"o","021"
"staircase",4,115,0.0723633803176,0.00791033603789,3,0.0654068534752,3,7,"pairs","even",0.924763966694,0.773092528205,2,55987,"e","021"
"staircase",4,116,0.412291164515,-0.0810309591785,7,0.0651638730707,3,7,"pairs","even",1.29104700546,0.536150026537,2,55987,"e","021"
"staircase",4,117,-0.290743964686,-0.271024799033,3,0.0649228304788,3,7,"pairs","odd",0.950969130119,1.35531451774,2,55987,"o","021"
"staircase",3,118,-0.0852009294327,0.132447993986,3,0.0646800113458,3,7,"pairs","odd",0.967687792379,0.603308007938,2,55987,"o","021"
"staircase",2,119,-0.321101624192,-0.361405037825,3,0.064451686745,3,7,"pairs","even",1.04138226497,2.14571358863,6,55987,"e","021"
"staircase",4,120,0.00388686748681,0.168203035044,9,0.0642414364505,3,0,"quadruplet","odd",0.956485898569,0.843331920092,6,55987,"o","021"
"staircase",1,121,0.433802812086,-0.160963500644,3,0.0640344149273,3,0,"quadruplet","even",0.756787230061,0.823851109531,2,55987,"o","021"
"staircase",4,122,-0.227129595502,-0.207262591187,9,0.0646655781343,3,0,"quadruplet","even",0.813921131632,0.542669066095,4,55987,"e","021"
"staircase",4,123,-0.138397089747,-0.146370164287,9,0.0644464860091,3,0,"quadruplet","odd",0.834332353646,0.617738111248,8,55987,"o","021"
"staircase",3,124,-0.221578035395,0.345847717483,9,0.0642437375193,3,0,"quadruplet","odd",1.37963866912,1.13649536351,8,55987,"e","021"
"staircase",2,125,-0.00914415311986,0.33154325777,7,0.0648788306249,3,0,"quadruplet","even",0.952636616328,0.568963882995,2,55987,"e","021"
"staircase",4,126,-0.220626611423,-0.286772692186,9,0.0646516740876,3,0,"quadruplet","odd",1.10021308099,0.505727043492,8,55987,"o","021"
"staircase",3,127,0.0894392705629,-0.410801834868,5,0.0644412830774,3,0,"quadruplet","even",1.30620289129,1.12332006667,6,55987,"e","021"
"staircase",1,128,0.345773442604,-0.260932276911,7,0.0642455266801,3,0,"quadruplet","odd",1.49403547745,1.03301677444,2,55987,"e","021"
"staircase",4,129,-0.361833543302,-0.358848829961,9,0.0648583983917,3,0,"quadruplet","odd",1.28163031081,0.452439002273,4,55987,"o","021"
"staircase",4,130,-0.347585090524,-0.170314236805,9,0.0646382690363,3,0,"quadruplet","even",1.28631008536,0.821711402725,2,55987,"e","021"
"staircase",4,131,-0.463420214795,0.421432809432,5,0.0644361004806,3,0,"quadruplet","even",1.36950885294,0.369886287228,2,55987,"e","021"
"staircase",3,132,0.0137042430355,0.290335477719,9,0.0642468767058,3,11,"singles","odd",0.850957256167,0.900619122265,6,55987,"o","021"
"staircase",4,133,0.291543905457,0.266793418286,9,0.0640604298833,3,11,"singles","even",0.90074436338,1.05531687884,6,55987,"e","021"
"staircase",3,134,0.0880289675066,-0.206312490123,9,0.0638756927637,3,11,"singles","odd",0.88593100857,0.750691820283,6,55987,"e","021"
"staircase",3,135,0.210225387454,0.201348406361,9,0.0644309556739,3,11,"singles","even",1.31063115705,0.813927975409,6,55987,"o","021"
"staircase",4,136,-0.305796750984,0.0394871139931,9,0.0650253265174,3,11,"singles","odd",0.899093644424,1.55931142025,6,55987,"o","021"
"staircase",2,137,0.2098894057,0.190428964698,9,0.06482027245,3,11,"singles","even",0.567914047639,1.86199797903,6,55987,"o","021"
"staircase",2,138,-0.0551476972503,-0.305029158674,9,0.0653970932591,3,11,"singles","even",0.949158951164,1.87893016713,6,55987,"o","021"
"staircase",4,139,0.2359852007,0.117316088292,9,0.0659980532348,3,11,"singles","odd",1.08590342815,0.797739363657,6,55987,"o","021"
"staircase",1,140,0.488247601126,-0.235378436306,9,0.0657988733199,3,11,"singles","odd",0.923579993314,2.53591939126,6,55987,"e","021"
"staircase",1,141,0.0837522364801,-0.281980608192,9,0.0664264333816,3,11,"singles","even",1.82785369237,0.822930279366,6,55987,"e","021"
"staircase",4,142,-0.30592883617,0.0935377202167,9,0.0662033452618,3,11,"singles","odd",1.1413825045,0.432550644804,6,55987,"o","021"
"staircase",2,143,-0.0120777263372,0.226403959702,9,0.0659900849421,3,11,"singles","even",0.893357190738,0.883158252414,6,55987,"e","021"
"staircase",4,144,0.206373261237,0.0734753660112,9,0.0657975159248,3,8,"pairs","odd",1.06723908016,0.422400981672,2,55987,"o","021"
"staircase",2,145,-0.112184946375,0.320501296862,9,0.0656081771773,3,8,"pairs","odd",0.845172896044,1.43584900302,2,55987,"o","021"
"staircase",4,146,0.0598623682514,-0.189430167742,9,0.0654209784839,3,8,"pairs","even",1.05122669566,0.692861564425,2,55987,"e","021"
"staircase",2,147,-0.303719074105,0.213914875996,3,0.0652348787187,3,8,"pairs","even",1.87121928385,0.567489733479,2,55987,"e","021"
"staircase",1,148,-0.0399888118133,-0.191201150087,3,0.0650502250095,3,8,"pairs","odd",2.23531813125,1.68897327266,6,55987,"e","021"
"staircase",4,149,0.380215609701,0.386639530524,9,0.0655665295597,3,8,"pairs","odd",1.32257423188,0.406228794986,6,55987,"o","021"
"staircase",1,150,-0.136374324726,0.102699795111,3,0.0653850047941,3,8,"pairs","even",1.43325042098,2.49850412149,6,55987,"o","021"
"staircase",1,151,-0.0510984730495,0.419188702361,9,0.0659300069702,3,8,"pairs","even",1.36849289428,1.08630584222,2,55987,"e","021"
"staircase",4,152,-0.074839260742,-0.051234000699,9,0.0657496618251,3,8,"pairs","even",1.1699703288,0.570250170838,2,55987,"e","021"
"staircase",3,153,-0.425236977391,-0.314106177217,3,0.0655720035887,3,8,"pairs","odd",1.1284207335,0.756931291562,2,55987,"o","021"
"staircase",4,154,-0.027724245926,-0.264300806637,3,0.0653960769036,3,8,"pairs","even",1.35045543624,0.645370886505,6,55987,"e","021"
"staircase",1,155,0.0959942616733,0.0748230876742,3,0.0652209653098,3,8,"pairs","odd",1.89214002504,0.576270299071,2,55987,"o","021"
"staircase",3,156,0.194320953754,-0.0426499157721,9,0.0650470516521,3,15,"singles","odd",1.11015674644,0.750907057061,8,55987,"o","021"
"staircase",3,157,0.292652471102,-0.206017304568,9,0.0648719779669,3,15,"singles","even",1.12324136324,0.947964369931,8,55987,"o","021"
"staircase",2,158,0.0840236422322,0.0750736226321,9,0.0653639499569,3,15,"singles","odd",0.878892868544,0.790735100327,8,55987,"e","021"
"staircase",3,159,0.0884539665929,-0.288256332352,9,0.0658779218408,3,15,"singles","even",1.31632894339,0.541119977224,8,55987,"o","021"
"staircase",4,160,-0.407712305277,-0.0795295213183,9,0.0664269959755,3,15,"singles","odd",0.988281058855,0.87039666188,8,55987,"o","021"
"staircase",4,161,-0.382565618754,0.152244134852,9,0.0662332614746,3,15,"singles","even",1.0821526963,0.535197372812,8,55987,"e","021"
"staircase",4,162,0.481517471997,-0.416784184235,9,0.0660413719715,3,15,"singles","even",0.892133523454,0.69383201197,8,55987,"e","021"
"staircase",4,163,-0.068364092802,0.243877637634,9,0.0658735216597,3,15,"singles","odd",1.03731637719,0.542075368461,8,55987,"o","021"
"staircase",3,164,-0.285504135795,0.2055703939,9,0.06570866281,3,15,"singles","even",1.22440470263,0.59227891949,8,55987,"e","021"
"staircase",2,165,-0.412470662944,0.0205667505267,9,0.0655459591046,3,15,"singles","odd",1.59667878357,1.09429629379,8,55987,"e","021"
"staircase",4,166,-0.184469475864,0.223133968734,9,0.0660323155344,3,15,"singles","odd",1.25357732766,0.518915343509,8,55987,"o","021"
"staircase",4,167,0.344007318119,0.355991145073,9,0.0658691977898,3,15,"singles","even",1.40444051612,0.561092855336,8,55987,"e","021"
"staircase",2,168,0.30402875622,-0.391229713528,3,0.0657089349238,3,0,"quadruplet","odd",0.955057260169,0.998559042802,2,55987,"e","021"
"staircase",1,169,0.114607676188,0.492752036282,5,0.0662027510602,3,0,"quadruplet","even",0.923705576617,1.59900293016,2,55987,"o","021"
"staircase",1,170,-0.321120480771,-0.218693946827,3,0.0667222536272,3,0,"quadruplet","odd",1.63696878177,0.682943563137,6,55987,"e","021"
"staircase",1,171,-0.231770354273,-0.228381995254,7,0.0672125666238,3,0,"quadruplet","even",1.5983274494,0.460762745764,2,55987,"e","021"
"staircase",4,172,-0.330713020049,-0.0385931520722,3,0.0670377536021,3,0,"quadruplet","even",1.1473362481,0.430549182287,6,55987,"e","021"
"staircase",3,173,0.213256262235,0.478360057433,9,0.0668643807157,3,0,"quadruplet","odd",0.883244484001,0.516513177863,4,55987,"e","021"
"staircase",4,174,0.310795802025,0.372729988965,7,0.0673853898419,3,0,"quadruplet","even",0.96437677318,0.423540128313,4,55987,"e","021"
"staircase",1,175,-0.0809200675035,0.419265102052,7,0.0672134169206,3,0,"quadruplet","odd",1.75578119488,0.748496678885,4,55987,"o","021"
"staircase",2,176,-0.362070298873,0.171892881752,9,0.0670436785221,3,0,"quadruplet","even",0.88480007446,0.608387459053,4,55987,"e","021"
"staircase",4,177,-0.252511887293,0.266186283935,3,0.066875323437,3,0,"quadruplet","even",1.03832309675,0.472561759098,2,55987,"e","021"
"staircase",4,178,-0.20425425146,-0.207102372528,5,0.0667075321907,3,0,"quadruplet","odd",1.12476273481,0.565041714532,6,55987,"o","021"
"staircase",2,179,-0.0671741798257,-0.432371157639,7,0.0665407243153,3,0,"quadruplet","odd",0.712939152323,0.980953084883,8,55987,"o","021"
"staircase",4,180,0.0822977030758,0.158680411113,7,0.0663727090333,3,31,"pairs","odd",0.91971360163,0.615086489939,6,55987,"o","021"
"staircase",3,181,-0.415431191764,0.127692121753,7,0.066202729134,3,31,"pairs","even",0.824430435232,0.639387714667,6,55987,"e","021"
"staircase",4,182,0.0185736170402,-0.475567843069,3,0.0660358351721,3,31,"pairs","even",1.19035520228,0.637238768764,8,55987,"e","021"
"staircase",2,183,-0.131692895955,-0.380796272385,7,0.0658894640542,3,31,"pairs","odd",2.29902992886,0.845573941362,6,55987,"o","021"
"staircase",3,184,0.333861152397,0.106127224405,3,0.0657456325393,3,31,"pairs","even",1.08833639079,0.415769361985,8,55987,"e","021"
"staircase",3,185,-0.203499244037,-0.0913113008847,3,0.0656037009507,3,31,"pairs","odd",0.888549095373,0.55720935421,8,55987,"o","021"
"staircase",2,186,-0.3181577007,-0.0660074283931,7,0.0654630565678,3,31,"pairs","even",1.342436583,0.657131574688,8,55987,"e","021"
"staircase",1,187,-0.161052963576,0.100701089299,3,0.0653231078891,3,31,"pairs","odd",1.32355083882,0.646275975983,6,55987,"e","021"
"staircase",2,188,-0.0819168419821,0.0194919199028,3,0.06574432778,3,31,"pairs","odd",1.03468289189,1.20610649669,8,55987,"o","021"
"staircase",1,189,0.343544820946,-0.0697997518599,3,0.0656058476814,3,31,"pairs","even",1.01211964427,1.87796485242,8,55987,"e","021"
"staircase",1,190,0.345553777821,-0.249091899945,3,0.0654686120974,3,31,"pairs","odd",1.37372564599,0.444668235945,6,55987,"e","021"
"staircase",3,191,0.443781316293,-0.0464748555188,7,0.0658799251551,3,31,"pairs","even",0.855892645779,0.438854447582,8,55987,"e","021"
"staircase",2,192,-0.217172941656,0.0737484706651,3,0.0657429750048,3,0,"quadruplet","even",0.556524976535,1.09415736512,4,55987,"e","021"
"staircase",2,193,-0.213235953089,-0.368668640768,5,0.0656077855355,3,0,"quadruplet","odd",1.51806911051,0.503832343895,8,55987,"e","021"
"staircase",1,194,-0.39315770472,0.291705100222,5,0.0660113238308,3,0,"quadruplet","even",0.779729622913,0.622906531462,6,55987,"o","021"
"staircase",2,195,-0.184274050207,0.317319836477,9,0.0664607293747,3,0,"quadruplet","odd",1.05232957028,0.552882376351,6,55987,"e","021"
"staircase",4,196,0.237578272824,-0.0324675060962,5,0.0668883500411,3,0,"quadruplet","odd",1.03798980483,0.421351830693,6,55987,"o","021"
"staircase",4,197,0.470239074469,-0.206016264663,9,0.0667391499683,3,0,"quadruplet","even",1.26975875345,2.25593398219,2,55987,"o","021"
"staircase",2,198,-0.488751938557,-0.256026752164,5,0.067150791326,3,0,"quadruplet","odd",1.02813373972,1.83085024003,6,55987,"o","021"
"staircase",4,199,-0.339915640806,-0.0372819090751,3,0.0670039219585,3,0,"quadruplet","even",0.969037385157,0.498785058529,8,55987,"e","021"
"staircase",1,200,-0.220421982029,-0.45829513332,7,0.0668579273138,3,0,"quadruplet","odd",0.909582074506,0.785583447368,4,55987,"e","021"
"staircase",2,201,0.396471707786,0.131574428137,3,0.0672969745448,3,0,"quadruplet","even",0.975417153859,1.21455205941,2,55987,"e","021"
"staircase",2,202,0.163738823224,-0.163069818219,3,0.0671522783821,3,0,"quadruplet","even",0.739644595827,1.0579698689,6,55987,"e","021"
"staircase",1,203,0.15983179164,-0.0621752650765,7,0.0670090349004,3,0,"quadruplet","odd",0.874776679009,0.347766174154,4,55987,"o","021"
"staircase",3,204,0.218536399574,0.327607898987,5,0.0668666403382,3,1,"singles","even",1.13957300992,0.916732110281,2,55987,"o","021"
"staircase",3,205,-0.449709021281,0.483856430125,5,0.0672947850849,3,1,"singles","even",1.15790440818,0.801520892512,2,55987,"e","021"
"staircase",4,206,0.121362942985,0.387829164816,5,0.0671535959331,3,1,"singles","odd",1.05795549697,0.570292602253,2,55987,"o","021"
"staircase",4,207,-0.223121792086,-0.167993653607,5,0.0670138066395,3,1,"singles","odd",1.07749242651,0.703240836268,2,55987,"o","021"
"staircase",4,208,0.313869944146,-0.0469627999197,5,0.0668748417587,3,1,"singles","odd",1.22002365894,0.693661944119,2,55987,"o","021"
"staircase",4,209,-0.452295419695,0.437095101071,5,0.0667361425038,3,1,"singles","odd",0.986500992518,0.829549922444,2,55987,"o","021"
"staircase",4,210,0.0898768826893,-0.14532061127,5,0.0665981953603,3,1,"singles","even",1.11693824484,1.47078271933,2,55987,"e","021"
"staircase",2,211,0.379228417119,-0.0914457253732,5,0.0664592959137,3,1,"singles","even",0.603315536091,2.19844386204,2,55987,"o","021"
"staircase",2,212,0.315503703662,-0.45260692987,5,0.0668488547075,3,1,"singles","even",0.820626321918,1.44709640794,2,55987,"e","021"
"staircase",3,213,-0.213252012456,0.233918500493,5,0.0667129973742,3,1,"singles","odd",1.16533469661,0.565665524782,2,55987,"o","021"
"staircase",1,214,-0.122379347697,0.0782049156662,5,0.0665777598928,3,1,"singles","odd",1.08938211988,0.534383989941,2,55987,"e","021"
"staircase",2,215,0.313557132126,-0.377695275726,5,0.0669558537451,3,1,"singles","even",0.869878930167,0.566244850486,2,55987,"e","021"
"staircase",4,216,0.109583205345,-0.296347327386,9,0.0668227498707,3,16,"pairs","odd",0.660740640365,0.737810121465,8,55987,"o","021"
"staircase",3,217,-0.471224865197,-0.15991753957,5,0.0666907023522,3,16,"pairs","even",1.41917961595,2.75908092184,2,55987,"e","021"
"staircase",2,218,-0.253725893739,-0.274074470691,9,0.0665580488819,3,16,"pairs","even",0.944888092274,0.780850633546,8,55987,"o","021"
"staircase",4,219,-0.265259790447,-0.442111859172,9,0.0669291298285,3,16,"pairs","odd",0.856092141872,0.450811894347,2,55987,"o","021"
"staircase",4,220,0.182875878179,0.298302692241,5,0.0667987081277,3,16,"pairs","even",0.88614624535,1.14276905367,2,55987,"e","021"
"staircase",2,221,-0.351734011025,-0.380830726015,5,0.0666692062289,3,16,"pairs","even",0.779916458017,0.50166902606,2,55987,"e","021"
"staircase",4,222,0.106404590511,-0.139713084002,9,0.0665390193973,3,16,"pairs","odd",0.804105786996,0.50183669859,8,55987,"o","021"
"experiment",3,0,-0.147786393548,0.350930677893,9,0.0664076816518,3,0,"quadruplet","even",0.659089579221,0.736066327147,8,55987,"e","021"
"experiment",4,1,0.0927396908231,0.240314375517,5,0.0664076816518,3,0,"quadruplet","odd",1.04890494439,0.686780526579,8,55987,"o","021"
"experiment",4,2,0.0575124858931,-0.428455620764,5,0.0664076816518,3,0,"quadruplet","odd",1.2035893556,0.916755721311,2,55987,"o","021"
"experiment",4,3,0.0875665727572,-0.178259575169,9,0.0664076816518,3,0,"quadruplet","even",1.14743548286,0.430518385294,2,55987,"e","021"
"experiment",1,4,-0.0793865458093,-0.186180106227,7,0.0664076816518,3,0,"quadruplet","odd",1.14999847726,0.754518860251,8,55987,"e","021"
"experiment",1,5,0.163866858857,-0.292651329628,7,0.0664076816518,3,0,"quadruplet","odd",1.34245677214,1.10780762007,4,55987,"o","021"
"experiment",1,6,0.135371738117,-0.374368996734,9,0.0664076816518,3,0,"quadruplet","even",0.849643935404,0.475889887737,2,55987,"e","021"
"experiment",2,7,0.165970532187,0.0560687556688,9,0.0664076816518,3,0,"quadruplet","even",0.774014042745,0.59784325219,4,55987,"e","021"
"experiment",4,8,-0.280453457073,-0.393724955488,5,0.0664076816518,3,0,"quadruplet","odd",0.921028975525,0.475281818173,4,55987,"o","021"
"experiment",2,9,-0.375737230263,-0.0651040960065,5,0.0664076816518,3,0,"quadruplet","even",1.63050175492,1.06081756442,8,55987,"o","021"
"experiment",3,10,-0.183636930761,-0.279630045299,7,0.0664076816518,3,0,"quadruplet","odd",1.26296082998,0.684935786552,4,55987,"o","021"
"experiment",1,11,0.114672850572,0.34859300977,5,0.0664076816518,3,0,"quadruplet","even",0.899471078712,0.399123243758,6,55987,"e","021"
"experiment",3,12,-0.469071833248,0.228886798833,9,0.0664076816518,3,10,"pairs","odd",0.860140578019,0.576250452117,2,55987,"e","021"
"experiment",4,13,-0.182231468404,-0.262814790477,9,0.0664076816518,3,10,"pairs","even",0.764140183817,0.493907498829,6,55987,"e","021"
"experiment",2,14,-0.0387605519069,0.190330274796,9,0.0664076816518,3,10,"pairs","even",0.55641752924,1.07855286972,6,55987,"e","021"
"experiment",2,15,0.11905023851,0.257493139639,9,0.0664076816518,3,10,"pairs","odd",0.51620760323,0.8703347257,2,55987,"o","021"
"experiment",4,16,0.145576576128,0.170170957679,5,0.0664076816518,3,10,"pairs","odd",0.661338444264,0.997071890111,6,55987,"o","021"
"experiment",2,17,-0.274201108173,0.0399524639625,9,0.0664076816518,3,10,"pairs","even",0.604542967454,0.408243945054,2,55987,"e","021"
"experiment",2,18,0.128233468765,-0.0134417101455,9,0.0664076816518,3,10,"pairs","even",0.990642504028,1.09627825154,6,55987,"e","021"
"experiment",4,19,0.189283264708,-0.462217122849,9,0.0664076816518,3,10,"pairs","odd",0.881211197924,0.46360941471,2,55987,"o","021"
"experiment",3,20,0.470282234158,0.0899900335064,9,0.0664076816518,3,10,"pairs","odd",0.703510138883,2.26149728832,2,55987,"o","021"
"experiment",1,21,-0.0488608739182,-0.423632841362,5,0.0664076816518,3,10,"pairs","even",0.707365922714,0.446123222886,6,55987,"e","021"
"experiment",2,22,-0.0540172086995,-0.242071449794,9,0.0664076816518,3,10,"pairs","even",0.590011576249,0.974143184812,6,55987,"e","021"
"experiment",2,23,-0.484051881137,-0.299918400372,9,0.0664076816518,3,10,"pairs","odd",3.60152007126,0.969689939273,2,55987,"o","021"
"experiment",2,24,-0.348452558525,-0.437387232855,9,0.0664076816518,3,3,"singles","even",0.475112092508,1.33589769649,2,55987,"o","021"
"experiment",4,25,0.068497054193,0.464295016518,9,0.0664076816518,3,3,"singles","odd",0.701110368562,0.365410115033,2,55987,"o","021"
"experiment",2,26,-0.135703943659,0.0315122726088,9,0.0664076816518,3,3,"singles","even",0.653662806435,0.636561234864,2,55987,"o","021"
"experiment",2,27,0.339568498275,-0.113510696634,9,0.0664076816518,3,3,"singles","odd",0.539151022647,0.928104414133,2,55987,"o","021"
"experiment",3,28,-0.330786973833,-0.00253712616894,9,0.0664076816518,3,3,"singles","even",0.762288942202,0.405914323444,2,55987,"e","021"
"experiment",2,29,-0.0236485662244,-0.323225707531,9,0.0664076816518,3,3,"singles","even",1.36323995342,1.10079788171,2,55987,"e","021"
"experiment",4,30,-0.376487277738,-0.0782278864968,9,0.0664076816518,3,3,"singles","odd",0.837490072247,0.530512465426,2,55987,"o","021"
"experiment",2,31,0.121678290785,-0.0612512368026,9,0.0664076816518,3,3,"singles","odd",1.17132676536,0.469519700326,2,55987,"e","021"
"experiment",3,32,-0.278319373711,0.0540757907577,9,0.0664076816518,3,3,"singles","odd",1.27723284205,1.22037337593,2,55987,"o","021"
"experiment",1,33,-0.185542986932,-0.127512821342,9,0.0664076816518,3,3,"singles","even",0.924710243045,0.725936853158,2,55987,"e","021"
"experiment",4,34,0.219454496336,0.0344717174508,9,0.0664076816518,3,3,"singles","odd",0.763079740607,0.422229545064,2,55987,"o","021"
"experiment",4,35,-0.0397938943443,0.307063679555,9,0.0664076816518,3,3,"singles","even",0.71563183629,0.517011747001,2,55987,"e","021"
"experiment",3,36,0.325213854227,-0.456633481005,7,0.0664076816518,3,31,"pairs","odd",1.04388708726,0.842762860055,6,55987,"o","021"
"experiment",3,37,0.290213550626,0.323214218855,3,0.0664076816518,3,31,"pairs","odd",0.634206975656,3.1344357289,8,55987,"o","021"
"experiment",4,38,-0.14678073352,0.481294779065,7,0.0664076816518,3,31,"pairs","even",0.914425073135,0.406114161726,8,55987,"e","021"
"experiment",2,39,0.156824243121,-0.0205843380483,3,0.0664076816518,3,31,"pairs","even",0.553617740165,0.405271350617,6,55987,"e","021"
"experiment",1,40,-0.00682141796666,0.351988527619,3,0.0664076816518,3,31,"pairs","odd",0.6144561781,0.637332870694,6,55987,"e","021"
"experiment",3,41,0.390755036957,-0.438105138003,7,0.0664076816518,3,31,"pairs","even",1.0606310715,0.420038509932,8,55987,"e","021"
"experiment",1,42,-0.409033192172,0.467050499846,7,0.0664076816518,3,31,"pairs","odd",0.661312780103,1.14195327548,8,55987,"o","021"
"experiment",2,43,-0.103928587908,-0.279338920926,7,0.0664076816518,3,31,"pairs","even",0.613022749056,0.506544532627,6,55987,"e","021"
"experiment",4,44,-0.0125122978521,-0.0204219585905,7,0.0664076816518,3,31,"pairs","odd",0.908157200185,0.466675084512,6,55987,"o","021"
"experiment",4,45,0.254827518054,-0.174085108606,3,0.0664076816518,3,31,"pairs","even",0.685973987489,0.480206257744,8,55987,"e","021"
"experiment",4,46,0.0572176493353,0.402527299472,7,0.0664076816518,3,31,"pairs","odd",0.566106606195,0.484180438913,6,55987,"o","021"
"experiment",2,47,0.0233139156831,-0.122596101481,7,0.0664076816518,3,31,"pairs","even",0.605225291998,0.361840058884,6,55987,"e","021"
"experiment",1,48,-0.434006276556,-0.287911489051,9,0.0664076816518,3,0,"quadruplet","even",0.50884677913,0.361482471548,6,55987,"e","021"
"experiment",1,49,-0.130646095859,-0.29202537071,3,0.0664076816518,3,0,"quadruplet","odd",0.937609051305,2.31062294451,8,55987,"e","021"
"experiment",2,50,-0.485055201962,0.404411431306,9,0.0664076816518,3,0,"quadruplet","even",1.60673571353,0.802279182975,4,55987,"e","021"
"experiment",4,51,-0.277567825167,-0.343645869219,5,0.0664076816518,3,0,"quadruplet","odd",0.749661147502,0.32703945403,8,55987,"o","021"
"experiment",4,52,0.31219498829,-0.297128432555,5,0.0664076816518,3,0,"quadruplet","odd",0.70136393049,0.326670232274,8,55987,"o","021"
"experiment",4,53,-0.411157112573,0.311660920284,5,0.0664076816518,3,0,"quadruplet","even",0.981882469769,0.366289882537,2,55987,"e","021"
"experiment",1,54,-0.44821050938,0.276413489261,5,0.0664076816518,3,0,"quadruplet","even",0.706739717139,1.80596832084,4,55987,"o","021"
"experiment",1,55,-0.367293008774,0.284718269412,5,0.0664076816518,3,0,"quadruplet","odd",0.982258193113,0.750985760496,8,55987,"e","021"
"experiment",3,56,0.461206630468,0.237931274636,9,0.0664076816518,3,0,"quadruplet","even",0.724629349605,0.764884102353,8,55987,"e","021"
"experiment",1,57,0.353443470885,0.487492004322,9,0.0664076816518,3,0,"quadruplet","odd",1.12225791252,0.688116431806,8,55987,"e","021"
"experiment",3,58,0.0213227239309,-0.171321730615,9,0.0664076816518,3,0,"quadruplet","odd",1.11874534409,0.637578220092,8,55987,"e","021"
"experiment",4,59,-0.324108630188,0.0405714647594,9,0.0664076816518,3,0,"quadruplet","even",0.913664387348,0.287767125439,2,55987,"e","021"
"experiment",4,60,-0.0651044065865,0.430815990224,5,0.0664076816518,3,5,"singles","odd",0.568013966778,0.333119807497,4,55987,"o","021"
"experiment",4,61,0.408714325568,-0.143409963977,5,0.0664076816518,3,5,"singles","even",0.611767600398,0.31333410668,4,55987,"e","021"
"experiment",4,62,0.418422751252,0.0468423048574,5,0.0664076816518,3,5,"singles","odd",0.58496531745,0.392906356945,4,55987,"o","021"
"experiment",1,63,-0.181149278222,0.330077136345,5,0.0664076816518,3,5,"singles","even",1.42898366835,0.855549088186,4,55987,"e","021"
"experiment",4,64,0.480883869708,-0.175942773343,5,0.0664076816518,3,5,"singles","odd",0.593963857331,0.382141096092,4,55987,"o","021"
"experiment",4,65,-0.10559533554,-0.170496347927,5,0.0664076816518,3,5,"singles","even",0.660832689162,0.290845114039,4,55987,"e","021"
"experiment",3,66,0.431230131912,-0.390918542135,5,0.0664076816518,3,5,"singles","even",0.70319600953,0.367578223513,4,55987,"e","021"
"experiment",4,67,0.366988474513,0.434877561667,5,0.0664076816518,3,5,"singles","odd",0.618554573815,0.335695805072,4,55987,"o","021"
"experiment",3,68,-0.0958084038576,0.454010052156,5,0.0664076816518,3,5,"singles","even",0.703766780514,0.356428684596,4,55987,"e","021"
"experiment",2,69,0.309397014508,-0.439791701709,5,0.0664076816518,3,5,"singles","even",0.594376194882,0.441359269878,4,55987,"e","021"
"experiment",4,70,0.459300811002,0.316061305712,5,0.0664076816518,3,5,"singles","odd",0.586887392155,0.324207157017,4,55987,"o","021"
"experiment",2,71,-0.13351866159,0.1458459289,5,0.0664076816518,3,5,"singles","odd",0.607334201808,1.23806522324,4,55987,"o","021"
"experiment",1,72,-0.126662697025,0.292104210352,3,0.0664076816518,3,0,"quadruplet","odd",0.662792746829,1.15526921194,8,55987,"e","021"
"experiment",3,73,-0.232937683503,0.424395041983,5,0.0664076816518,3,0,"quadruplet","even",0.925059960038,0.47929158698,6,55987,"e","021"
"experiment",4,74,-0.44083044833,-0.461433355287,9,0.0664076816518,3,0,"quadruplet","odd",0.731690758472,0.375824632327,8,55987,"o","021"
"experiment",1,75,0.15035668364,0.0983762396241,5,0.0664076816518,3,0,"quadruplet","even",0.992251133757,0.839032659529,4,55987,"o","021"
"experiment",2,76,0.452982477864,-0.480160244778,3,0.0664076816518,3,0,"quadruplet","even",0.606647086623,0.67285412524,4,55987,"e","021"
"experiment",3,77,-0.0431741813954,0.0854387908865,9,0.0664076816518,3,0,"quadruplet","odd",0.957353347274,0.730376753332,4,55987,"o","021"
"experiment",3,78,0.0196610178534,0.292424784514,9,0.0664076816518,3,0,"quadruplet","odd",0.868610436142,0.470808725679,8,55987,"o","021"
"experiment",4,79,-0.272094308292,0.147782569478,7,0.0664076816518,3,0,"quadruplet","even",0.796673103237,0.337854674453,8,55987,"e","021"
"experiment",1,80,0.0453428821903,-0.198471804127,9,0.0664076816518,3,0,"quadruplet","odd",0.82978329523,0.307397472525,4,55987,"e","021"
"experiment",2,81,0.388772193221,0.202197025111,3,0.0664076816518,3,0,"quadruplet","even",0.685388502387,0.326768440471,4,55987,"o","021"
"experiment",1,82,0.207501444336,0.0527669489189,9,0.0664076816518,3,0,"quadruplet","even",0.787602703702,0.516873160523,4,55987,"e","021"
"experiment",2,83,0.305119616211,-0.283076189098,9,0.0664076816518,3,0,"quadruplet","odd",0.85559254617,0.614968092603,8,55987,"o","021"
"experiment",3,84,-0.349489853552,0.0123001632186,3,0.0664076816518,3,18,"pairs","even",0.769316816562,0.510765431947,6,55987,"e","021"
"experiment",4,85,0.372832425907,-0.313270289105,5,0.0664076816518,3,18,"pairs","even",0.805054676644,0.153748524739,6,55987,"o","021"
"experiment",2,86,-0.195095020865,-0.30041761793,3,0.0664076816518,3,18,"pairs","odd",0.698339323348,0.335483990182,4,55987,"e","021"
"experiment",1,87,-0.0174381239693,0.356655649818,3,0.0664076816518,3,18,"pairs","odd",0.554888971697,0.774948218275,4,55987,"o","021"
"experiment",4,88,0.108095281358,0.192995784201,5,0.0664076816518,3,18,"pairs","odd",0.612923514293,0.408546782175,4,55987,"o","021"
"experiment",1,89,-0.0359308485076,0.450438477687,5,0.0664076816518,3,18,"pairs","odd",0.572964754892,0.408657651358,4,55987,"e","021"
"experiment",4,90,-0.496077714103,-0.325896650433,3,0.0664076816518,3,18,"pairs","even",0.643745147334,0.960188039609,6,55987,"e","021"
"experiment",1,91,0.101561346765,-0.114116651328,3,0.0664076816518,3,18,"pairs","even",0.537148533567,0.39304631218,4,55987,"e","021"
"experiment",3,92,-0.177277442428,-0.344428767182,3,0.0664076816518,3,18,"pairs","odd",0.803152448892,0.528177710981,4,55987,"o","021"
"experiment",4,93,0.0538619754956,0.10852894775,5,0.0664076816518,3,18,"pairs","odd",0.818806561676,0.304369101306,6,55987,"o","021"
"experiment",2,94,-0.173236703198,0.232073183862,5,0.0664076816518,3,18,"pairs","even",0.555850180144,0.375962876617,4,55987,"e","021"
"experiment",4,95,0.292344251139,-0.204680843553,5,0.0664076816518,3,18,"pairs","even",0.689279531667,1.18122389313,6,55987,"e","021"
"experiment",2,96,-0.148113876157,-0.240457864261,3,0.0664076816518,3,0,"singles","even",0.684270571452,2.10155206591,2,55987,"o","021"
"experiment",4,97,-0.0898630706181,-0.164279995973,3,0.0664076816518,3,0,"singles","even",0.841599075817,0.264056518647,2,55987,"e","021"
"experiment",2,98,-0.285217788918,0.44439571721,3,0.0664076816518,3,0,"singles","odd",0.563562432182,0.528698180206,2,55987,"o","021"
"experiment",2,99,0.0259119699859,0.491336950092,3,0.0664076816518,3,0,"singles","odd",0.654069326774,0.409680795987,2,55987,"e","021"
"experiment",4,100,-0.230436044598,0.173788074878,3,0.0664076816518,3,0,"singles","odd",0.816971402937,0.345802352411,2,55987,"o","021"
"experiment",3,101,-0.472989355562,0.157558825975,3,0.0664076816518,3,0,"singles","even",1.00993750605,0.405682319411,2,55987,"e","021"
"experiment",4,102,-0.0491469864217,0.33192230924,3,0.0664076816518,3,0,"singles","even",0.768230024813,0.286298793135,2,55987,"e","021"
"experiment",1,103,0.319223602327,0.248917986696,3,0.0664076816518,3,0,"singles","odd",0.72329652408,0.904692196007,2,55987,"e","021"
"experiment",4,104,0.0997619217094,0.29034806641,3,0.0664076816518,3,0,"singles","even",0.733297677256,0.397237441071,2,55987,"e","021"
"experiment",3,105,-0.240963944287,-0.416213852978,3,0.0664076816518,3,0,"singles","even",1.08544694824,0.448179093426,2,55987,"e","021"
"experiment",3,106,0.398921977156,0.408494685514,3,0.0664076816518,3,0,"singles","odd",0.757311463361,0.56185183018,2,55987,"o","021"
"experiment",3,107,-0.374330038106,0.469157535896,3,0.0664076816518,3,0,"singles","odd",0.742790680009,0.637663425112,2,55987,"o","021"
"experiment",3,108,-0.284691372261,-0.357844272559,9,0.0664076816518,3,0,"quadruplet","even",1.05867340916,0.535791070444,4,55987,"e","021"
"experiment",4,109,-0.223773826963,0.393793235146,9,0.0664076816518,3,0,"quadruplet","even",0.712011478383,0.415400824606,8,55987,"e","021"
"experiment",1,110,0.241703425468,-0.403369680585,3,0.0664076816518,3,0,"quadruplet","odd",0.540825352633,0.62401453892,4,55987,"o","021"
"experiment",1,111,0.23475417106,-0.057521838824,5,0.0664076816518,3,0,"quadruplet","odd",0.556607444043,0.9177432783,8,55987,"o","021"
"experiment",1,112,0.462829777175,0.13807314495,7,0.0664076816518,3,0,"quadruplet","odd",0.581286445251,1.00079011403,8,55987,"o","021"
"experiment",3,113,0.126256203068,-0.053765744671,7,0.0664076816518,3,0,"quadruplet","odd",0.975260089181,0.426443258419,6,55987,"o","021"
"experiment",1,114,0.287198840213,-0.0809191157745,9,0.0664076816518,3,0,"quadruplet","even",0.782926008849,0.343765986634,4,55987,"e","021"
"experiment",2,115,0.0402498663702,-0.0604781587333,9,0.0664076816518,3,0,"quadruplet","even",1.0590491325,1.27704361162,8,55987,"e","021"
"experiment",1,116,-0.440247673767,0.131559849448,3,0.0664076816518,3,0,"quadruplet","even",0.923314112586,0.434260562428,4,55987,"e","021"
"experiment",2,117,0.447549553384,0.102409783388,5,0.0664076816518,3,0,"quadruplet","odd",1.21905252701,0.751606491049,2,55987,"o","021"
"experiment",1,118,0.00552367422863,-0.351683524278,3,0.0664076816518,3,0,"quadruplet","even",1.79820610923,0.684117270852,2,55987,"o","021"
"experiment",1,119,0.437859443162,-0.187632344477,3,0.0664076816518,3,0,"quadruplet","odd",1.11716785355,0.988909317563,2,55987,"e","021"
"experiment",4,120,-0.0522748051679,-0.291262597473,3,0.0664076816518,3,12,"singles","even",0.75845779597,0.460954371512,8,55987,"e","021"
"experiment",4,121,-0.439279970894,0.0384009379719,3,0.0664076816518,3,12,"singles","even",0.74024547943,0.255023759881,8,55987,"e","021"
"experiment",4,122,0.388757838402,-0.339122956687,3,0.0664076816518,3,12,"singles","odd",1.153575035,0.358129363121,8,55987,"o","021"
"experiment",2,123,0.22808428155,0.177131033487,3,0.0664076816518,3,12,"singles","odd",0.661553681044,0.636523594092,8,55987,"o","021"
"experiment",1,124,-0.168226285664,-0.145604839615,3,0.0664076816518,3,12,"singles","odd",2.38949918268,1.42441476299,8,55987,"e","021"
"experiment",4,125,-0.272677792238,0.188344039638,3,0.0664076816518,3,12,"singles","even",0.901686409252,0.374101711526,8,55987,"e","021"
"experiment",3,126,0.488551800675,-0.0926189281436,3,0.0664076816518,3,12,"singles","even",0.755758952602,0.65814753335,8,55987,"e","021"
"experiment",2,127,0.0564460698036,0.296399984312,3,0.0664076816518,3,12,"singles","odd",0.596443357654,0.94121058883,8,55987,"o","021"
"experiment",2,128,-0.0541133877331,-0.467824286184,3,0.0664076816518,3,12,"singles","odd",1.09260519655,0.81188305491,8,55987,"e","021"
"experiment",3,129,-0.093548658339,-0.367423870211,3,0.0664076816518,3,12,"singles","even",0.930991119174,0.371387811849,8,55987,"e","021"
"experiment",3,130,0.115158869263,-0.472809721598,3,0.0664076816518,3,12,"singles","even",1.11745563436,0.354097009851,8,55987,"e","021"
"experiment",3,131,0.239642279172,-0.308767841519,3,0.0664076816518,3,12,"singles","odd",1.20593985073,0.891817340966,8,55987,"o","021"
"experiment",3,132,-0.412870943495,0.47665489947,3,0.0664076816518,3,25,"pairs","even",1.38547504195,0.464001220929,4,55987,"e","021"
"experiment",2,133,0.00555701220631,-0.0842131657181,3,0.0664076816518,3,25,"pairs","odd",0.808268514213,0.498007947679,8,55987,"o","021"
"experiment",2,134,-0.482188622499,-0.412447651607,7,0.0664076816518,3,25,"pairs","odd",0.615118655691,0.5439105272,8,55987,"o","021"
"experiment",3,135,0.459746060332,0.198693194326,3,0.0664076816518,3,25,"pairs","even",4.81316318336,1.19675105386,8,55987,"e","021"
"experiment",2,136,0.447746822549,-0.0627351795606,3,0.0664076816518,3,25,"pairs","odd",1.06922445979,0.749981094066,4,55987,"o","021"
"experiment",1,137,0.258922285805,-0.458130612774,7,0.0664076816518,3,25,"pairs","odd",1.49770887463,0.558232841027,4,55987,"e","021"
"experiment",3,138,0.273970833304,-0.461610349511,3,0.0664076816518,3,25,"pairs","even",1.06042952227,0.455154955082,8,55987,"e","021"
"experiment",1,139,0.0410870718529,0.408806318332,7,0.0664076816518,3,25,"pairs","even",1.31671116833,0.667052997866,4,55987,"o","021"
"experiment",2,140,0.00702414990591,0.00496168284322,7,0.0664076816518,3,25,"pairs","even",0.890584434583,0.335729339578,8,55987,"e","021"
"experiment",3,141,-0.31267262404,0.0335138539799,3,0.0664076816518,3,25,"pairs","odd",0.945405823986,0.558001863559,4,55987,"e","021"
"experiment",2,142,0.275578748969,-0.0263673996339,3,0.0664076816518,3,25,"pairs","odd",1.08539733086,0.456100080653,8,55987,"e","021"
"experiment",2,143,-0.109087144763,0.456453088134,7,0.0664076816518,3,25,"pairs","even",1.03871832486,0.814028236739,8,55987,"e","021"
"experiment",2,144,-0.407345254339,-0.309400188185,3,0.0664076816518,3,0,"quadruplet","odd",0.631453382075,0.885250052783,2,55987,"o","021"
"experiment",4,145,-0.192438804777,0.0547028665117,5,0.0664076816518,3,0,"quadruplet","even",0.779266641413,0.351856357338,4,55987,"e","021"
"experiment",2,146,-0.0528470226313,-0.221296951992,3,0.0664076816518,3,0,"quadruplet","even",0.738831555149,0.453618527199,4,55987,"e","021"
"experiment",1,147,-0.493401112726,0.00243377000238,3,0.0664076816518,3,0,"quadruplet","odd",0.488446507157,0.427704566475,2,55987,"e","021"
"experiment",1,148,0.00667948589672,-0.231710440156,9,0.0664076816518,3,0,"quadruplet","odd",0.646317380832,0.880431691752,8,55987,"o","021"
"experiment",4,149,0.407373270031,0.198666199997,7,0.0664076816518,3,0,"quadruplet","even",0.813478681464,0.326734221588,6,55987,"e","021"
"experiment",2,150,-0.337253469681,0.108829421682,5,0.0664076816518,3,0,"quadruplet","even",0.671423775897,0.285442636661,6,55987,"e","021"
"experiment",1,151,-0.367687948557,-0.186533641313,3,0.0664076816518,3,0,"quadruplet","odd",1.74050588513,0.208201034573,4,55987,"o","021"
"experiment",3,152,0.429725316214,0.489996351855,9,0.0664076816518,3,0,"quadruplet","odd",0.665619568821,0.370015634609,4,55987,"e","021"
"experiment",2,153,0.352012541247,0.201551454423,7,0.0664076816518,3,0,"quadruplet","even",0.667999150002,0.423194517587,4,55987,"o","021"
"experiment",4,154,-0.283928557772,0.12959920574,7,0.0664076816518,3,0,"quadruplet","even",0.68316667026,0.242114685958,6,55987,"e","021"
"experiment",1,155,-0.263201403248,-0.227628339389,7,0.0664076816518,3,0,"quadruplet","odd",0.800897082259,0.451591400521,6,55987,"e","021"
"experiment",3,156,0.195616186485,0.235651767457,5,0.0664076816518,3,12,"pairs","even",0.836370772557,0.588210294203,8,55987,"e","021"
"experiment",3,157,0.495655669373,-0.239646491449,5,0.0664076816518,3,12,"pairs","odd",1.05251503663,0.455217917828,2,55987,"o","021"
"experiment",2,158,-0.059710080914,0.401050636285,5,0.0664076816518,3,12,"pairs","even",0.983591360826,0.862007902508,8,55987,"e","021"
"experiment",4,159,0.0994667477002,0.293621343361,5,0.0664076816518,3,12,"pairs","odd",0.799716188578,0.438660426511,2,55987,"o","021"
"experiment",4,160,-0.492291970899,0.477586300207,5,0.0664076816518,3,12,"pairs","odd",0.755133773593,0.375267206708,8,55987,"o","021"
"experiment",4,161,0.491673367412,0.00439475066717,5,0.0664076816518,3,12,"pairs","even",0.863881728586,0.262327780634,8,55987,"e","021"
"experiment",2,162,-0.225746697229,0.0830123090331,5,0.0664076816518,3,12,"pairs","odd",0.710824425303,1.20230512089,2,55987,"o","021"
"experiment",1,163,0.151207813106,-0.0395650548863,5,0.0664076816518,3,12,"pairs","even",0.722226157395,0.44115566752,2,55987,"e","021"
"experiment",4,164,0.451002172725,0.154176678478,5,0.0664076816518,3,12,"pairs","even",0.717025913618,0.220508882709,8,55987,"e","021"
"experiment",1,165,0.0625874688517,-0.173432738378,3,0.0664076816518,3,12,"pairs","odd",0.80219226701,0.205959013305,8,55987,"e","021"
"experiment",1,166,0.497844597419,0.333092829245,3,0.0664076816518,3,12,"pairs","odd",1.02358433911,0.614994098954,2,55987,"o","021"
"experiment",4,167,0.379176676928,0.0395794158534,3,0.0664076816518,3,12,"pairs","even",0.722601196361,0.253361064317,8,55987,"e","021"
"experiment",2,168,0.387376783829,0.146236474731,7,0.0664076816518,3,14,"singles","odd",0.818306623783,0.523605041535,8,55987,"o","021"
"experiment",4,169,-0.481136480365,0.195384944597,7,0.0664076816518,3,14,"singles","even",0.766131380668,0.362792028232,8,55987,"e","021"
"experiment",2,170,-0.16676301933,-0.362970933402,7,0.0664076816518,3,14,"singles","odd",0.624139095657,0.650808951523,8,55987,"o","021"
"experiment",4,171,0.333559584684,0.194073595773,7,0.0664076816518,3,14,"singles","even",0.698979900853,0.26930980169,8,55987,"e","021"
"experiment",3,172,-0.271405695984,0.283605159674,7,0.0664076816518,3,14,"singles","odd",0.829383960858,0.350283657439,8,55987,"o","021"
"experiment",4,173,0.320961688796,-0.100924528823,7,0.0664076816518,3,14,"singles","even",0.707166084432,0.292962920761,8,55987,"e","021"
"experiment",4,174,0.33383820918,-0.270615459721,7,0.0664076816518,3,14,"singles","even",0.717507031126,0.197446039387,8,55987,"e","021"
"experiment",3,175,-0.393599860727,0.376078596261,7,0.0664076816518,3,14,"singles","odd",0.691188261007,0.289169415299,8,55987,"e","021"
"experiment",4,176,-0.233082824765,0.021437825649,7,0.0664076816518,3,14,"singles","even",0.773043253012,0.27139270515,8,55987,"e","021"
"experiment",4,177,0.143202305127,0.213074738705,7,0.0664076816518,3,14,"singles","odd",0.765134926769,0.295050272673,8,55987,"o","021"
"experiment",4,178,0.0843230561822,0.268152928261,7,0.0664076816518,3,14,"singles","even",0.625867833669,0.229209376112,8,55987,"e","021"
"experiment",4,179,-0.422664717796,-0.330248676607,7,0.0664076816518,3,14,"singles","odd",0.821719957445,0.177837934574,8,55987,"o","021"
"experiment",3,180,0.21535688922,0.111985148515,9,0.0664076816518,3,22,"pairs","odd",0.57539532221,2.59058542693,6,55987,"e","021"
"experiment",4,181,0.454333861707,0.39421176138,5,0.0664076816518,3,22,"pairs","even",0.829107814465,0.632213725674,6,55987,"e","021"
"experiment",2,182,0.0161851252977,0.333850387112,9,0.0664076816518,3,22,"pairs","odd",0.862056151136,0.437044610817,4,55987,"o","021"
"experiment",4,183,-0.161698194089,-0.094916084156,5,0.0664076816518,3,22,"pairs","even",0.577406023824,0.334570688174,4,55987,"e","021"
"experiment",4,184,-0.458974933343,-0.496390640642,5,0.0664076816518,3,22,"pairs","odd",0.741692596026,0.389629214442,4,55987,"o","021"
"experiment",2,185,0.115987258237,0.268907362459,9,0.0664076816518,3,22,"pairs","odd",0.579147422821,0.86923595734,6,55987,"e","021"
"experiment",2,186,-0.359209615858,0.267679894685,9,0.0664076816518,3,22,"pairs","even",0.732121232029,0.541023479971,4,55987,"e","021"
"experiment",1,187,-0.0397769597058,-0.248252680166,5,0.0664076816518,3,22,"pairs","even",0.723588411158,1.18734291394,6,55987,"e","021"
"experiment",4,188,-0.235960417634,-0.304738415226,9,0.0664076816518,3,22,"pairs","odd",0.584578644062,0.310183231857,6,55987,"o","021"
"experiment",4,189,0.439620768274,-0.147397044609,5,0.0664076816518,3,22,"pairs","even",0.653251153262,0.256031848199,6,55987,"e","021"
"experiment",4,190,-0.414588692725,-0.201092054447,9,0.0664076816518,3,22,"pairs","odd",0.706036176887,0.370387936066,6,55987,"o","021"
"experiment",2,191,-0.298960027046,0.289015007952,5,0.0664076816518,3,22,"pairs","even",0.874512509226,0.323808849209,4,55987,"e","021"
"experiment",2,192,0.0841146099865,0.226126205096,5,0.0664076816518,3,0,"quadruplet","even",0.538103240426,0.288195203677,4,55987,"e","021"
"experiment",2,193,-0.415762874943,0.0547370975934,3,0.0664076816518,3,0,"quadruplet","odd",2.17151086295,0.324787509287,6,55987,"o","021"
"experiment",2,194,0.00278460061721,-0.183241723726,9,0.0664076816518,3,0,"quadruplet","odd",0.962190186503,0.629305462737,4,55987,"o","021"
"experiment",4,195,0.341409159093,-0.183922992949,9,0.0664076816518,3,0,"quadruplet","even",0.661142027871,0.314661114995,6,55987,"e","021"
"experiment",4,196,0.0847321766254,0.117326940601,9,0.0664076816518,3,0,"quadruplet","even",0.669600593767,0.318986724098,8,55987,"e","021"
"experiment",3,197,-0.332544828725,-0.472154882487,7,0.0664076816518,3,0,"quadruplet","even",0.581702546877,0.315332489496,4,55987,"o","021"
"experiment",4,198,-0.425299045499,-0.3980366704,5,0.0664076816518,3,0,"quadruplet","odd",0.676277382378,0.349114398177,6,55987,"o","021"
"experiment",4,199,-0.387964845603,0.0175725358427,9,0.0664076816518,3,0,"quadruplet","odd",0.588298921113,0.255128469667,4,55987,"o","021"
"experiment",2,200,-0.485858653856,0.142535460061,7,0.0664076816518,3,0,"quadruplet","even",0.629194251365,0.295032478853,4,55987,"e","021"
"experiment",4,201,-0.340680374143,-0.0731263232003,5,0.0664076816518,3,0,"quadruplet","odd",0.555944966452,0.917167716674,2,55987,"o","021"
"experiment",2,202,-0.0718644451616,0.22513113435,3,0.0664076816518,3,0,"quadruplet","odd",0.553071948967,0.334229868091,2,55987,"e","021"
"experiment",4,203,-0.302157180913,-0.115657364548,3,0.0664076816518,3,0,"quadruplet","even",0.782729592458,0.320076253362,8,55987,"e","021"
"experiment",4,204,-0.310997631786,-0.389621610379,9,0.0664076816518,3,11,"singles","odd",0.6280496297,0.231269010728,6,55987,"o","021"
"experiment",4,205,0.280498612934,0.127079334374,9,0.0664076816518,3,11,"singles","even",0.890023587077,1.27600883258,6,55987,"e","021"
"experiment",2,206,-0.198861434954,0.402995309537,9,0.0664076816518,3,11,"singles","even",0.795647905479,0.599246226428,6,55987,"o","021"
"experiment",4,207,0.429433717357,-0.0815521100027,9,0.0664076816518,3,11,"singles","odd",0.614053764026,0.331162145154,6,55987,"o","021"
"experiment",3,208,0.27420800127,0.145163775692,9,0.0664076816518,3,11,"singles","odd",0.952474761007,0.686408909503,6,55987,"o","021"
"experiment",4,209,-0.345254185624,0.277986715653,9,0.0664076816518,3,11,"singles","even",0.667016383661,0.277241738962,6,55987,"e","021"
"experiment",2,210,-0.23439552688,0.0414005197719,9,0.0664076816518,3,11,"singles","odd",0.454016492817,0.989776766268,6,55987,"e","021"
"experiment",4,211,0.242724949921,-0.0444715320353,9,0.0664076816518,3,11,"singles","even",0.5744115293,0.319822007054,6,55987,"e","021"
"experiment",2,212,-0.244926341037,-0.0438287666908,9,0.0664076816518,3,11,"singles","odd",0.903120522673,0.873145464817,6,55987,"e","021"
"experiment",2,213,-0.0897030451837,-0.217500312653,9,0.0664076816518,3,11,"singles","odd",1.3224079281,1.5233791969,6,55987,"e","021"
"experiment",4,214,0.253355722723,-0.185486070656,9,0.0664076816518,3,11,"singles","even",0.984781493606,0.286810365447,6,55987,"e","021"
"experiment",1,215,0.210643450229,-0.103925003586,9,0.0664076816518,3,11,"singles","even",0.582324303996,1.03707650282,6,55987,"e","021"
"experiment",3,216,0.13427963795,0.138609215942,7,0.0664076816518,3,0,"quadruplet","odd",0.940099501669,0.50563875877,2,55987,"o","021"
"experiment",4,217,0.0785528344921,-0.0469065938108,7,0.0664076816518,3,0,"quadruplet","even",0.608803218491,0.239938364948,4,55987,"e","021"
"experiment",2,218,0.322082857295,0.380194634049,3,0.0664076816518,3,0,"quadruplet","even",0.449947867532,0.605583905901,2,55987,"o","021"
"experiment",2,219,-0.416978723981,-0.261570731024,5,0.0664076816518,3,0,"quadruplet","odd",0.483451918875,0.701157248432,4,55987,"e","021"
"experiment",1,220,0.333692692277,0.475211131196,9,0.0664076816518,3,0,"quadruplet","even",0.687258906575,0.673456035407,2,55987,"o","021"
"experiment",3,221,-0.134097246497,0.440195428175,7,0.0664076816518,3,0,"quadruplet","even",0.797878976704,0.244874438938,8,55987,"e","021"
"experiment",1,222,0.392016179028,0.295881219416,5,0.0664076816518,3,0,"quadruplet","odd",0.641669087652,0.228910645255,6,55987,"e","021"
"experiment",1,223,0.128621032491,0.282493770046,5,0.0664076816518,3,0,"quadruplet","odd",0.605358745644,0.397313406993,4,55987,"e","021"
"experiment",4,224,-0.447903972601,-0.491118532257,5,0.0664076816518,3,0,"quadruplet","even",0.813418114041,0.365771466446,8,55987,"e","021"
"experiment",4,225,0.0601362089683,-0.283832646154,7,0.0664076816518,3,0,"quadruplet","even",0.484783375645,0.279123435384,8,55987,"e","021"
"experiment",1,226,0.224378673811,0.208141940119,7,0.0664076816518,3,0,"quadruplet","odd",0.532914631071,2.69029001531,2,55987,"e","021"
"experiment",2,227,0.395267491558,0.390827471567,9,0.0664076816518,3,0,"quadruplet","odd",0.62956347312,0.703193614208,8,55987,"e","021"
"experiment",4,228,-0.10985634257,0.33496742281,5,0.0664076816518,3,0,"pairs","odd",0.894062099747,0.601703484474,4,55987,"o","021"
"experiment",4,229,0.0620311400921,0.295586813806,3,0.0664076816518,3,0,"pairs","even",0.719602937759,0.285699962667,2,55987,"e","021"
"experiment",4,230,-0.169920181099,0.20314760643,5,0.0664076816518,3,0,"pairs","even",0.595375728477,0.277675292222,2,55987,"e","021"
"experiment",2,231,0.325053659665,0.133620409621,5,0.0664076816518,3,0,"pairs","odd",0.655916119935,0.944567119142,4,55987,"o","021"
"experiment",2,232,-0.485849060181,-0.498872764144,3,0.0664076816518,3,0,"pairs","even",0.58799916369,1.29350357912,4,55987,"e","021"
"experiment",1,233,0.249098918536,-0.443990804954,3,0.0664076816518,3,0,"pairs","odd",0.985205807765,0.510735319329,4,55987,"o","021"
"experiment",3,234,-0.437252091839,0.42435234626,3,0.0664076816518,3,0,"pairs","odd",0.558127789054,0.813486209619,4,55987,"o","021"
"experiment",4,235,0.15592518499,-0.299741325675,5,0.0664076816518,3,0,"pairs","even",0.590121761055,0.292153301969,2,55987,"e","021"
"experiment",4,236,-0.449369382028,-0.390029816846,5,0.0664076816518,3,0,"pairs","odd",0.632017993657,0.309618278086,2,55987,"o","021"
"experiment",4,237,-0.411771454801,-0.215078450261,3,0.0664076816518,3,0,"pairs","odd",0.621804341212,0.483730802778,4,55987,"o","021"
"experiment",1,238,0.296643789251,-0.410253102085,5,0.0664076816518,3,0,"pairs","even",0.582351679104,0.43728790708,4,55987,"e","021"
"experiment",4,239,0.000138041343232,0.353229334996,3,0.0664076816518,3,0,"pairs","even",0.598371591755,0.327676951836,2,55987,"e","021"
"experiment",4,240,0.236483602322,0.201668653618,7,0.0664076816518,3,10,"singles","odd",0.603917788447,0.282015957635,6,55987,"o","021"
"experiment",1,241,0.464824010899,0.0567573593984,7,0.0664076816518,3,10,"singles","odd",0.477570719311,0.973811946016,6,55987,"e","021"
"experiment",4,242,-0.337919167674,0.10260124497,7,0.0664076816518,3,10,"singles","even",0.542007272883,0.307603128018,6,55987,"e","021"
"experiment",4,243,-0.417702437809,0.126045527165,7,0.0664076816518,3,10,"singles","even",0.635180845089,0.293028963206,6,55987,"e","021"
"experiment",3,244,-0.0901747245154,-0.447368321421,7,0.0664076816518,3,10,"singles","odd",0.617313797089,0.36980313534,6,55987,"o","021"
"experiment",4,245,-0.00697242906799,-0.259529346895,7,0.0664076816518,3,10,"singles","even",0.659219268789,0.24606149202,6,55987,"e","021"
"experiment",4,246,0.449923060531,-0.00590300620051,7,0.0664076816518,3,10,"singles","even",0.614089009476,0.245076672543,6,55987,"e","021"
"experiment",1,247,0.450647063164,-0.207406647598,7,0.0664076816518,3,10,"singles","odd",0.7647109548,0.470915488597,6,55987,"o","021"
"experiment",2,248,0.341647911919,0.47442365245,7,0.0664076816518,3,10,"singles","even",0.74785336387,0.513421843898,6,55987,"e","021"
"experiment",4,249,-0.0343261126039,-0.139282943308,7,0.0664076816518,3,10,"singles","even",1.13988748147,0.278218345908,6,55987,"e","021"
"experiment",2,250,-0.181277790913,-0.159758627506,7,0.0664076816518,3,10,"singles","odd",0.700971782082,0.267581063681,6,55987,"e","021"
"experiment",1,251,0.208576215278,0.469087871627,7,0.0664076816518,3,10,"singles","odd",0.914711143005,0.277014525574,6,55987,"o","021"
"experiment",4,252,-0.139652176511,-0.34439196793,3,0.0664076816518,3,26,"pairs","even",0.624556566039,0.85115333037,8,55987,"e","021"
"experiment",1,253,0.255357634125,-0.415602848705,3,0.0664076816518,3,26,"pairs","odd",0.497169585025,0.381262355155,8,55987,"e","021"
"experiment",2,254,0.436630578661,-0.303585416064,9,0.0664076816518,3,26,"pairs","even",0.446374047302,0.751156512726,4,55987,"o","021"
"experiment",1,255,-0.000482083158665,0.338743474637,3,0.0664076816518,3,26,"pairs","odd",0.620377413758,1.81948375339,4,55987,"o","021"
"experiment",4,256,-0.161798419418,0.197093820308,9,0.0664076816518,3,26,"pairs","even",0.570524948474,0.229806837822,8,55987,"e","021"
"experiment",2,257,-0.353232598995,-0.297003723627,3,0.0664076816518,3,26,"pairs","odd",0.692911181808,0.39684323953,8,55987,"e","021"
"experiment",2,258,0.219060277955,0.0310699258099,9,0.0664076816518,3,26,"pairs","even",0.664640908744,0.298472161057,8,55987,"e","021"
"experiment",1,259,0.462083179421,-0.444803842125,9,0.0664076816518,3,26,"pairs","odd",0.537116710006,1.627917887,4,55987,"e","021"
"experiment",2,260,-0.0805199405891,-0.497153432987,3,0.0664076816518,3,26,"pairs","odd",0.44030464388,1.10972866821,8,55987,"e","021"
"experiment",4,261,0.28101984558,0.471776302324,9,0.0664076816518,3,26,"pairs","even",1.07610553514,0.337228126691,8,55987,"e","021"
"experiment",2,262,0.396874826033,-0.432969081578,3,0.0664076816518,3,26,"pairs","odd",0.473440842223,0.428578516769,4,55987,"o","021"
"experiment",4,263,-0.302241774528,-0.376006016407,3,0.0664076816518,3,26,"pairs","even",0.579264451404,0.289347695683,8,55987,"e","021"
"experiment",4,264,-0.254681053812,0.278356837185,3,0.0664076816518,3,4,"singles","odd",0.496918418417,0.522249289359,4,55987,"o","021"
"experiment",2,265,0.495303928293,0.325606293394,3,0.0664076816518,3,4,"singles","even",0.515154345985,1.40652136644,4,55987,"e","021"
"experiment",3,266,0.316389369781,0.217597136364,3,0.0664076816518,3,4,"singles","even",1.27659089579,0.549374256381,4,55987,"e","021"
"experiment",4,267,-0.270951241521,-0.0149863449437,3,0.0664076816518,3,4,"singles","odd",0.513395837546,0.25218496128,4,55987,"o","021"
"experiment",2,268,0.486934098138,0.395593532474,3,0.0664076816518,3,4,"singles","even",0.565421886329,1.07151507188,4,55987,"o","021"
"experiment",3,269,-0.345256149485,-0.0811178811093,3,0.0664076816518,3,4,"singles","even",0.637476590007,0.326737643474,4,55987,"e","021"
"experiment",3,270,-0.317774606751,0.0955277265303,3,0.0664076816518,3,4,"singles","odd",0.525505900532,0.789409118579,4,55987,"o","021"
"experiment",2,271,0.302890625572,-0.48316201627,3,0.0664076816518,3,4,"singles","odd",0.460287787657,1.01158001248,4,55987,"o","021"
"experiment",2,272,0.426304192748,-0.121424788616,3,0.0664076816518,3,4,"singles","odd",0.932850231131,0.479053765737,4,55987,"o","021"
"experiment",1,273,-0.194952074511,0.0168548683461,3,0.0664076816518,3,4,"singles","even",0.573763081453,1.48341701561,4,55987,"o","021"
"experiment",1,274,0.360308430546,0.0410345315435,3,0.0664076816518,3,4,"singles","even",0.540390430622,0.478668803293,4,55987,"e","021"
"experiment",1,275,-0.347165383074,0.404870940305,3,0.0664076816518,3,4,"singles","odd",0.466700406487,0.876850343369,4,55987,"e","021"
"experiment",2,276,-0.184049264172,-0.346889878743,3,0.0664076816518,3,0,"quadruplet","odd",1.34507520113,0.969313189362,2,55987,"e","021"
"experiment",4,277,0.366829868582,0.484940127544,7,0.0664076816518,3,0,"quadruplet","even",0.593275373389,0.440226282635,2,55987,"e","021"
"experiment",4,278,-0.471473395755,0.308615978527,3,0.0664076816518,3,0,"quadruplet","even",0.600885653152,0.345728439623,6,55987,"e","021"
"experiment",1,279,0.296281538342,-0.0387460496253,5,0.0664076816518,3,0,"quadruplet","odd",0.645197396763,0.644122923812,8,55987,"o","021"
"experiment",1,280,0.267309120982,0.476160418034,3,0.0664076816518,3,0,"quadruplet","even",2.49274131927,0.290800629491,4,55987,"e","021"
"experiment",1,281,-0.233454982891,-0.319091195429,3,0.0664076816518,3,0,"quadruplet","odd",0.652444956359,0.470667743877,6,55987,"o","021"
"experiment",1,282,0.0591461672532,0.397020108031,3,0.0664076816518,3,0,"quadruplet","odd",0.613988405958,0.66844741738,8,55987,"o","021"
"experiment",2,283,-0.49423010082,0.0828741958775,7,0.0664076816518,3,0,"quadruplet","even",0.519348212389,0.285477539923,2,55987,"e","021"
"experiment",2,284,-0.197630089075,0.160020467571,9,0.0664076816518,3,0,"quadruplet","even",0.701884399714,0.256661475662,4,55987,"e","021"
"experiment",3,285,0.276625200945,-0.258503566451,9,0.0664076816518,3,0,"quadruplet","odd",0.641299865896,0.369662837915,4,55987,"e","021"
"experiment",4,286,-0.412610148389,-0.238297756008,7,0.0664076816518,3,0,"quadruplet","even",0.642227539836,0.229441380143,8,55987,"e","021"
"experiment",2,287,0.375514515863,0.228056026942,5,0.0664076816518,3,0,"quadruplet","odd",0.491803037472,0.830848871274,2,55987,"o","021"
"experiment",4,288,-0.335323666305,-0.406808929937,5,0.0664076816518,3,13,"singles","odd",0.509054829943,1.75333933533,8,55987,"o","021"
"experiment",2,289,-0.14309690696,-0.450116517068,5,0.0664076816518,3,13,"singles","odd",0.817811476536,0.276101565752,8,55987,"e","021"
"experiment",4,290,0.0965655289929,0.17311396292,5,0.0664076816518,3,13,"singles","even",0.512459951075,0.321739633304,8,55987,"e","021"
"experiment",4,291,-0.154730000405,0.157905538661,5,0.0664076816518,3,13,"singles","even",0.530754735124,0.229974168165,8,55987,"e","021"
"experiment",4,292,-0.232336811316,-0.26872464751,5,0.0664076816518,3,13,"singles","odd",0.755679564791,0.281691220427,8,55987,"o","021"
"experiment",4,293,-0.249054789281,0.193416785493,5,0.0664076816518,3,13,"singles","odd",0.866749613242,0.429885678132,8,55987,"o","021"
"experiment",2,294,0.0160971770638,0.204498976373,5,0.0664076816518,3,13,"singles","even",0.831049051743,1.64941008355,8,55987,"e","021"
"experiment",4,295,-0.302330821265,-0.0368285868549,5,0.0664076816518,3,13,"singles","even",0.546410558853,0.241471713131,8,55987,"e","021"
"experiment",2,296,0.209602648061,0.269801495098,5,0.0664076816518,3,13,"singles","even",0.646145602035,0.409884740535,8,55987,"e","021"
"experiment",4,297,-0.197671279381,0.22864768618,5,0.0664076816518,3,13,"singles","odd",0.565212466761,0.142136004322,8,55987,"o","021"
"experiment",2,298,0.254045397415,0.27851423007,5,0.0664076816518,3,13,"singles","odd",0.530361902338,0.311906837034,8,55987,"e","021"
"experiment",1,299,0.0280021449969,0.184547847818,5,0.0664076816518,3,13,"singles","even",0.710124991318,0.456835786656,8,55987,"e","021"
"experiment",1,300,0.489808786385,-0.202174203439,3,0.0664076816518,3,0,"quadruplet","odd",1.02094708974,0.765269406982,2,55987,"o","021"
"experiment",1,301,0.305738266132,0.182810904294,5,0.0664076816518,3,0,"quadruplet","odd",0.711032818306,0.684940919386,8,55987,"e","021"
"experiment",3,302,-0.458341040275,0.478393713816,3,0.0664076816518,3,0,"quadruplet","even",0.796833931992,0.302658157114,4,55987,"e","021"
"experiment",1,303,0.414988181962,-0.417624882833,7,0.0664076816518,3,0,"quadruplet","even",0.61465327887,1.7078692825,2,55987,"e","021"
"experiment",3,304,-0.26445118875,0.327312014585,5,0.0664076816518,3,0,"quadruplet","even",0.737566140824,0.311171131034,8,55987,"e","021"
"experiment",4,305,-0.342438779134,0.0920910931191,9,0.0664076816518,3,0,"quadruplet","odd",0.528762511707,0.286806601371,8,55987,"o","021"
"experiment",2,306,-0.267368169149,-0.338709416719,5,0.0664076816518,3,0,"quadruplet","odd",0.437571581628,0.926754136977,6,55987,"o","021"
"experiment",4,307,0.359324823291,-0.0759823003449,7,0.0664076816518,3,0,"quadruplet","even",0.5471479758,0.257719865738,6,55987,"e","021"
"experiment",2,308,0.471036782915,0.228070500073,3,0.0664076816518,3,0,"quadruplet","odd",0.478525083981,0.578589997203,4,55987,"e","021"
"experiment",4,309,0.198909996113,-0.17035239748,5,0.0664076816518,3,0,"quadruplet","odd",0.544330050716,0.380531439796,6,55987,"o","021"
"experiment",4,310,-0.0313081244143,0.223689984197,7,0.0664076816518,3,0,"quadruplet","even",0.61447944694,0.390410089371,2,55987,"e","021"
"experiment",1,311,0.257182325267,0.253955231645,5,0.0664076816518,3,0,"quadruplet","even",0.506780642925,0.26908635238,4,55987,"o","021"
"experiment",4,312,0.192774779145,0.496857499682,7,0.0664076816518,3,23,"pairs","even",0.672702877775,1.59232066653,6,55987,"e","021"
"experiment",4,313,-0.424356768015,0.20980186195,7,0.0664076816518,3,23,"pairs","even",0.783961814463,0.274257167915,6,55987,"e","021"
"experiment",4,314,0.193616302312,0.372866169614,9,0.0664076816518,3,23,"pairs","odd",0.513810228229,0.311411005408,6,55987,"o","021"
"experiment",3,315,-0.057251944039,-0.154173048043,7,0.0664076816518,3,23,"pairs","odd",0.786831410061,0.429991072293,4,55987,"o","021"
"experiment",4,316,0.0121942002845,0.212702487526,9,0.0664076816518,3,23,"pairs","odd",0.832046874397,0.403729447709,6,55987,"o","021"
"experiment",4,317,0.37304750023,-0.201618270572,9,0.0664076816518,3,23,"pairs","even",0.629868705564,0.236941475101,6,55987,"e","021"
"experiment",2,318,0.29607743308,0.426641325995,7,0.0664076816518,3,23,"pairs","odd",0.579611088699,0.571968985374,4,55987,"e","021"
"experiment",4,319,-0.159754373854,-0.12430511248,9,0.0664076816518,3,23,"pairs","even",0.599336564281,0.309012603841,6,55987,"e","021"
"experiment",4,320,0.0721473318689,0.150311652142,7,0.0664076816518,3,23,"pairs","even",0.580198626934,0.219644171515,4,55987,"e","021"
"experiment",4,321,-0.197567553771,-0.207989536994,9,0.0664076816518,3,23,"pairs","odd",0.534501702903,0.316045268846,6,55987,"o","021"
"experiment",4,322,-0.172039629936,-0.167735136722,9,0.0664076816518,3,23,"pairs","even",0.633644417205,0.252513804753,4,55987,"e","021"
"experiment",2,323,0.372896219675,-0.00596578565788,7,0.0664076816518,3,23,"pairs","odd",0.988203381989,2.05438988928,6,55987,"o","021"
"experiment",4,324,-0.113674247702,-0.453220683744,5,0.0664076816518,3,1,"singles","odd",0.596432749799,0.490450707184,2,55987,"o","021"
"experiment",2,325,0.126623969955,-0.468606440829,5,0.0664076816518,3,1,"singles","odd",0.503840556426,0.556405894818,2,55987,"e","021"
"experiment",2,326,0.0225216296353,0.2351448282,5,0.0664076816518,3,1,"singles","even",0.407661539652,1.33243987828,2,55987,"e","021"
"experiment",4,327,0.385133182446,-0.0786511271594,5,0.0664076816518,3,1,"singles","even",1.05149052325,0.454147551143,2,55987,"e","021"
"experiment",2,328,0.260090966364,0.288111533671,5,0.0664076816518,3,1,"singles","odd",0.548104051413,0.317426685186,2,55987,"o","021"
"experiment",4,329,0.262957327013,0.0916884551631,5,0.0664076816518,3,1,"singles","even",0.54059711268,0.231779898664,2,55987,"e","021"
"experiment",3,330,0.0853400813043,0.0440336407257,5,0.0664076816518,3,1,"singles","odd",0.558403251069,0.331536841932,2,55987,"o","021"
"experiment",4,331,-0.439014336468,0.183300310436,5,0.0664076816518,3,1,"singles","even",0.580544237659,0.278837023327,2,55987,"e","021"
"experiment",2,332,-0.476277014129,-0.492378127949,5,0.0664076816518,3,1,"singles","odd",0.642668279061,0.51229638481,2,55987,"o","021"
"experiment",2,333,0.410866599479,0.383445958023,5,0.0664076816518,3,1,"singles","odd",0.71906638566,0.308658096206,2,55987,"e","021"
"experiment",4,334,0.173080996442,-0.240327285491,5,0.0664076816518,3,1,"singles","even",0.603265918709,0.316698849527,2,55987,"e","021"
"experiment",3,335,0.069561051011,-0.0673519073854,5,0.0664076816518,3,1,"singles","even",0.709207583042,0.256002419959,2,55987,"e","021"
"experiment",2,336,0.21391946181,0.203173030992,3,0.0664076816518,3,2,"pairs","even",0.53970468419,1.37552555928,4,55987,"e","021"
"experiment",3,337,0.165426063998,-0.0592478456748,3,0.0664076816518,3,2,"pairs","even",0.931994759036,1.10530450872,2,55987,"o","021"
"experiment",1,338,0.150323650841,-0.46020065435,3,0.0664076816518,3,2,"pairs","odd",1.63642093744,1.29395732152,4,55987,"o","021"
"experiment",3,339,-0.184717529706,0.160237268588,3,0.0664076816518,3,2,"pairs","odd",0.438251853038,0.821628593025,4,55987,"o","021"
"experiment",3,340,0.430317314118,0.0860361218235,3,0.0664076816518,3,2,"pairs","odd",0.696584236797,0.216130918712,2,55987,"e","021"
"experiment",4,341,-0.496215588613,-0.467617174604,9,0.0664076816518,3,2,"pairs","even",0.476939380906,0.424072231957,4,55987,"e","021"
"experiment",3,342,-0.199237406756,-0.333931743126,9,0.0664076816518,3,2,"pairs","even",0.507597447682,0.477853025102,4,55987,"o","021"
"experiment",4,343,0.435160200085,-0.338991616229,9,0.0664076816518,3,2,"pairs","odd",0.802206296754,0.382313901455,2,55987,"o","021"
"experiment",4,344,-0.461302396181,-0.0555436836355,9,0.0664076816518,3,2,"pairs","even",0.559389781489,0.391275484941,2,55987,"e","021"
"experiment",3,345,-0.2990249463,0.135050740907,9,0.0664076816518,3,2,"pairs","even",0.664888995652,0.698603150942,4,55987,"e","021"
"experiment",1,346,0.258865330563,-0.276011248127,3,0.0664076816518,3,2,"pairs","odd",0.541836178463,1.55409577797,2,55987,"e","021"
"experiment",2,347,0.426318595624,0.225190554355,3,0.0664076816518,3,2,"pairs","odd",0.886848416847,0.696586632119,2,55987,"o","021"
"experiment",2,348,-0.10386882085,-0.438058584649,5,0.0664076816518,3,0,"quadruplet","odd",0.971189752949,0.559847287965,6,55987,"o","021"
"experiment",2,349,0.418505754097,-0.475750631976,5,0.0664076816518,3,0,"quadruplet","even",0.862264886327,0.539297821661,4,55987,"e","021"
"experiment",3,350,0.040937842135,-0.0375275016759,5,0.0664076816518,3,0,"quadruplet","even",0.553850770764,1.06413919147,2,55987,"o","021"
"experiment",1,351,0.145603104442,0.215115185503,7,0.0664076816518,3,0,"quadruplet","odd",0.542249542579,0.63713440117,6,55987,"e","021"
"experiment",1,352,0.202212793506,0.278200914258,9,0.0664076816518,3,0,"quadruplet","odd",0.664784970244,0.945453388234,4,55987,"e","021"
"experiment",2,353,-0.495725653615,0.0159654407572,7,0.0664076816518,3,0,"quadruplet","even",0.467132590989,0.442106268112,8,55987,"e","021"
"experiment",3,354,0.182040012637,-0.259197104289,3,0.0664076816518,3,0,"quadruplet","odd",1.21072775696,0.582753066612,6,55987,"o","021"
"experiment",4,355,0.411837377381,-0.243494308976,3,0.0664076816518,3,0,"quadruplet","even",0.667362678763,0.44231329236,8,55987,"e","021"
"experiment",3,356,0.213474465984,-0.495722516361,9,0.0664076816518,3,0,"quadruplet","even",0.579827009855,0.364237091697,6,55987,"e","021"
"experiment",4,357,0.161148895022,-0.331777390828,5,0.0664076816518,3,0,"quadruplet","odd",0.635384447449,0.234442470015,2,55987,"e","021"
"experiment",1,358,0.461547989189,-0.0554836923174,5,0.0664076816518,3,0,"quadruplet","odd",0.479690921353,0.615064589854,6,55987,"o","021"
"experiment",1,359,-0.349168690765,0.317451294805,5,0.0664076816518,3,0,"quadruplet","even",0.98128706119,1.67913329042,6,55987,"e","021"
"experiment",3,360,0.477443885273,0.0520971861274,5,0.0664076816518,3,28,"pairs","odd",0.501329232542,0.56191034447,4,55987,"o","021"
"experiment",4,361,-0.354288817571,-0.0289245096679,5,0.0664076816518,3,28,"pairs","even",0.795571255179,0.82269348469,4,55987,"e","021"
"experiment",2,362,-0.307608468706,0.207962285423,5,0.0664076816518,3,28,"pairs","odd",0.524194975094,0.607882046139,4,55987,"o","021"
"experiment",3,363,-0.143651670551,-0.0322469054666,5,0.0664076816518,3,28,"pairs","even",0.606131750232,0.566497728038,4,55987,"e","021"
"experiment",4,364,0.405872542553,0.0890013379655,5,0.0664076816518,3,28,"pairs","even",1.12612635733,0.374588304054,4,55987,"e","021"
"experiment",2,365,0.0347867886226,0.449490971811,9,0.0664076816518,3,28,"pairs","odd",1.0238053931,0.485815074993,4,55987,"o","021"
"experiment",2,366,-0.491851116289,0.0105443117448,9,0.0664076816518,3,28,"pairs","odd",0.523198179008,0.359863576155,4,55987,"e","021"
"experiment",2,367,-0.222475643743,-0.359878334522,5,0.0664076816518,3,28,"pairs","even",0.732716982797,0.678928661499,8,55987,"e","021"
"experiment",3,368,-0.359225681192,0.0685776495074,5,0.0664076816518,3,28,"pairs","odd",0.477234005493,0.342127586477,4,55987,"o","021"
"experiment",1,369,0.212699447447,0.39984246252,5,0.0664076816518,3,28,"pairs","even",1.29850022054,0.570751819676,4,55987,"o","021"
"experiment",1,370,0.168280559413,-0.488991080361,5,0.0664076816518,3,28,"pairs","even",1.29170606116,0.505215813368,8,55987,"o","021"
"experiment",4,371,-0.130119324807,-0.278768972987,9,0.0664076816518,3,28,"pairs","odd",0.845953086595,0.786008445904,4,55987,"o","021"
"experiment",4,372,0.288725102537,-0.424809389967,3,0.0664076816518,3,0,"quadruplet","even",0.699603711106,0.289656007826,6,55987,"e","021"
"experiment",3,373,0.211776168269,-0.427221696063,3,0.0664076816518,3,0,"quadruplet","even",1.32316177011,0.293005352176,2,55987,"e","021"
"experiment",1,374,0.411728871596,-0.326792290486,5,0.0664076816518,3,0,"quadruplet","odd",0.676476194092,0.63156664658,8,55987,"o","021"
"experiment",2,375,-0.171514439364,0.43716180612,9,0.0664076816518,3,0,"quadruplet","odd",0.805906384661,0.307464199348,4,55987,"e","021"
"experiment",2,376,0.0490315259895,-0.137438090873,5,0.0664076816518,3,0,"quadruplet","even",0.681003010235,1.11040962399,2,55987,"o","021"
"experiment",4,377,-0.404366803651,0.0602255406607,3,0.0664076816518,3,0,"quadruplet","even",0.688620818153,0.333746013072,8,55987,"e","021"
"experiment",4,378,-0.29776184222,0.0804659716663,5,0.0664076816518,3,0,"quadruplet","odd",0.737561350181,0.358229624451,2,55987,"o","021"
"experiment",2,379,-0.489940295737,-0.0388025034812,7,0.0664076816518,3,0,"quadruplet","odd",1.02621645566,0.641185232636,6,55987,"o","021"
"experiment",1,380,-0.18213876306,0.113477763304,9,0.0664076816518,3,0,"quadruplet","odd",0.66122825946,0.279517294737,6,55987,"e","021"
"experiment",1,381,-0.291374529655,0.0220372370225,5,0.0664076816518,3,0,"quadruplet","even",0.87203985268,0.262583395697,2,55987,"o","021"
"experiment",1,382,-0.404602805327,0.345271853856,5,0.0664076816518,3,0,"quadruplet","even",0.610417323242,0.312045423516,4,55987,"e","021"
"experiment",3,383,0.453187049774,-0.303212168803,5,0.0664076816518,3,0,"quadruplet","odd",1.40244966145,0.476635859406,8,55987,"o","021"
"experiment",2,384,0.122015257645,-0.0384264137688,7,0.0664076816518,3,6,"singles","odd",0.742155577524,0.989913983993,4,55987,"e","021"
"experiment",2,385,0.0904823442498,0.194771997122,7,0.0664076816518,3,6,"singles","even",0.525283135599,0.432550644804,4,55987,"o","021"
"experiment",3,386,-0.320422172609,0.41077552498,7,0.0664076816518,3,6,"singles","even",0.71256856181,0.27488953289,4,55987,"e","021"
"experiment",4,387,0.0376733883578,-0.438756095425,7,0.0664076816518,3,6,"singles","odd",0.749823687202,0.295607356102,4,55987,"o","021"
"experiment",3,388,0.364631281147,-0.340554587325,7,0.0664076816518,3,6,"singles","even",0.957411861566,0.695195976679,4,55987,"o","021"
"experiment",3,389,0.0115171165214,-0.222155526283,7,0.0664076816518,3,6,"singles","odd",0.892700188169,0.478882329127,4,55987,"o","021"
"experiment",1,390,-0.415145745842,-0.115670361679,7,0.0664076816518,3,6,"singles","even",0.686184433625,0.551092386537,4,55987,"e","021"
"experiment",1,391,-0.295103046854,-0.349868706516,7,0.0664076816518,3,6,"singles","odd",0.434835781865,1.08058547141,4,55987,"e","021"
"experiment",4,392,-0.430232634124,-0.370297898196,7,0.0664076816518,3,6,"singles","even",0.598072176523,0.331153932622,4,55987,"e","021"
"experiment",2,393,0.358734684384,0.0999401092382,7,0.0664076816518,3,6,"singles","odd",0.503146597463,1.06148414827,4,55987,"o","021"
"experiment",4,394,0.0221153749052,0.111679168262,7,0.0664076816518,3,6,"singles","even",0.62928082514,0.342178914801,4,55987,"e","021"
"experiment",2,395,-0.453249508473,-0.0455599408406,7,0.0664076816518,3,6,"singles","odd",0.594831990413,1.64148772757,4,55987,"o","021"
"experiment",3,396,0.0503127939622,0.0939023014067,3,0.0664076816518,3,13,"pairs","odd",0.638529162872,1.7430575873,2,55987,"o","021"
"experiment",2,397,0.297633157212,-0.143189328333,3,0.0664076816518,3,13,"pairs","even",0.67495140063,0.559505783505,2,55987,"e","021"
"experiment",4,398,-0.197866096884,-0.229489678249,7,0.0664076816518,3,13,"pairs","even",0.477778427936,0.248555706461,8,55987,"e","021"
"experiment",1,399,0.429652309073,-0.271269974689,3,0.0664076816518,3,13,"pairs","odd",0.530947729627,0.704443630035,2,55987,"o","021"
"experiment",3,400,-0.301976947032,0.00537374739108,7,0.0664076816518,3,13,"pairs","odd",0.578056182618,0.441056774946,2,55987,"o","021"
"experiment",4,401,0.0714285552571,0.434849001507,3,0.0664076816518,3,13,"pairs","even",1.24305673183,0.292887981404,8,55987,"e","021"
"experiment",1,402,0.348943613755,0.437212006726,3,0.0664076816518,3,13,"pairs","even",0.498253981452,0.51188336288,2,55987,"e","021"
"experiment",4,403,-0.0951932516625,-0.265756345064,7,0.0664076816518,3,13,"pairs","odd",0.691836024476,0.254725713403,8,55987,"o","021"
"experiment",1,404,-0.457306366192,0.409895375126,3,0.0664076816518,3,13,"pairs","even",1.14758707252,0.383714480371,2,55987,"e","021"
"experiment",3,405,-0.14977802347,-0.00310478541414,3,0.0664076816518,3,13,"pairs","odd",0.592639928715,0.733630969185,2,55987,"o","021"
"experiment",4,406,0.131256112317,0.457901025913,7,0.0664076816518,3,13,"pairs","even",0.813754827856,0.330956147474,8,55987,"e","021"
"experiment",1,407,0.341329049798,0.266792012485,7,0.0664076816518,3,13,"pairs","odd",1.32326750647,0.763447935797,2,55987,"e","021"
"experiment",2,408,-0.042271543878,-0.43081102207,3,0.0664076816518,3,8,"singles","even",0.533981575869,0.966187636512,6,55987,"o","021"
"experiment",2,409,-0.0959456422351,0.114940511816,3,0.0664076816518,3,8,"singles","odd",0.699713895912,0.760197141833,6,55987,"e","021"
"experiment",1,410,0.0899767141898,-0.3570772927,3,0.0664076816518,3,8,"singles","even",0.686404803237,0.978278536923,6,55987,"o","021"
"experiment",4,411,-0.397619165191,0.480900584512,3,0.0664076816518,3,8,"singles","odd",0.939115024383,0.383275452092,6,55987,"o","021"
"experiment",4,412,-0.261736234654,-0.187831764324,3,0.0664076816518,3,8,"singles","odd",0.792929215158,0.628056815665,6,55987,"o","021"
"experiment",3,413,-0.125048562159,0.0109428017334,3,0.0664076816518,3,8,"singles","even",2.1793822328,0.348204860244,6,55987,"e","021"
"experiment",2,414,0.437928016126,0.362321382506,3,0.0664076816518,3,8,"singles","odd",0.517794332873,0.542559223477,6,55987,"e","021"
"experiment",4,415,0.295081065245,0.036593514952,3,0.0664076816518,3,8,"singles","even",0.558659892697,0.33184104781,6,55987,"e","021"
"experiment",1,416,-0.320613294253,0.454580241814,3,0.0664076816518,3,8,"singles","odd",0.597316281379,0.279593602849,6,55987,"e","021"
"experiment",2,417,-0.374730892084,-0.492247868909,3,0.0664076816518,3,8,"singles","even",0.798229035887,0.292300443169,6,55987,"e","021"
"experiment",1,418,0.449804979138,-0.291769694476,3,0.0664076816518,3,8,"singles","odd",0.578727899305,0.574837212214,6,55987,"o","021"
"experiment",4,419,0.149806216681,-0.460910385288,3,0.0664076816518,3,8,"singles","even",0.604624408399,0.32977628036,6,55987,"e","021"
"experiment",4,420,-0.428182229833,0.206577000676,5,0.0664076816518,3,0,"quadruplet","odd",0.671474077655,0.485518739459,2,55987,"o","021"
"experiment",2,421,0.072082766833,0.360493411183,9,0.0664076816518,3,0,"quadruplet","even",0.592460963953,0.462946937118,4,55987,"e","021"
"experiment",3,422,-0.110538597686,0.280072255423,9,0.0664076816518,3,0,"quadruplet","odd",1.28341106153,0.571678467048,2,55987,"e","021"
"experiment",1,423,0.384615320594,0.00047460051148,5,0.0664076816518,3,0,"quadruplet","even",0.545279282554,0.475446411003,2,55987,"o","021"
"experiment",2,424,0.10417912208,0.406085524589,3,0.0664076816518,3,0,"quadruplet","even",0.575322435987,0.367698673985,8,55987,"e","021"
"experiment",4,425,-0.264713433491,-0.346704445573,9,0.0664076816518,3,0,"quadruplet","odd",0.653454413432,0.338542816207,4,55987,"o","021"
"experiment",2,426,-0.233414374535,-0.298956899541,3,0.0664076816518,3,0,"quadruplet","odd",0.698329399873,1.00574398184,8,55987,"e","021"
"experiment",2,427,0.259169281309,0.429114764526,7,0.0664076816518,3,0,"quadruplet","even",1.0057053145,0.613042938197,6,55987,"o","021"
"experiment",3,428,-0.021117287004,0.406074344722,9,0.0664076816518,3,0,"quadruplet","odd",0.6185029033,0.465038737488,8,55987,"e","021"
"experiment",4,429,0.117329214456,0.0131412948644,9,0.0664076816518,3,0,"quadruplet","odd",0.6402267617,0.286243700732,2,55987,"o","021"
"experiment",3,430,-0.0050068792992,0.136845977338,5,0.0664076816518,3,0,"quadruplet","even",1.40705689197,1.30835389033,2,55987,"e","021"
"experiment",4,431,-0.155534775062,-0.449226648008,3,0.0664076816518,3,0,"quadruplet","even",0.654866626768,0.378980639982,8,55987,"e","021"
